"id","number","character_type","name","title","description","rarity","image_resource","voice_name","assetbundle_name","up_game_id","up_value","up_type","can_print"
1,"001","14","１クール目タイトル","1クール オープニング","言わずと知れたおそ松さん１クール目のオープニングタイトル画面。おそ松さんの頭が爆発する冒頭のシーンはガチャでも使われているぞ！",2,"0001","","card1",0,0,0,0
2,"002","1,2,3,4,5,6,7,8,9,10,11,12,13","いっシェー！","1クール オープニング","デカパンUFOに吸い込まれ、一斉にみんながシェーしているこのシーン。結構有名かも！？",4,"0002","","card1",5,2,2,0
3,"003","14","むつごおとし","1クール オープニング","言わずと知れた『むつごおとし』の原案シーンだ！だるま落としって有名だけど意外と遊ぶ機会がなくない？",2,"0003","","card1",0,0,0,0
4,"004","1,2,3,4,5,6","松野家の居間","1クール オープニング","いつも６つ子が過ごしているニートたちの憩いの場。ここから毎回ドタバタ劇が始まる！（ここではあえて６つ子には触れない）",3,"0004","","card1",1,1,2,0
5,"005","1,2,3,4,5,6,7,8,9,10,11,12","おでんDEシェー！","1クール エンディング","おでんの上でみんながシェーしている姿が可愛い。このエンディングを観ると必ずおでんを食べたくなります。",3,"0005","","card1",4,1,2,0
6,"006","2,6","二人釣り堀","2話 アバンタイトル","「見てるのじーさんと魚しかいないんだけど…」「フッ…別にフツー…」
次男のイタい伝説はここからはじまった。",2,"0006","","card1",0,0,0,0
7,"007","3","釣り堀の精","2話 アバンタイトル","「あなたが落としたのは、この鋼の阿修羅像ですか？それともゼリーの阿修羅像ですか？」ゼリーの阿修羅像…逆にすごい気がする。",1,"0007","","card1",0,0,0,0
8,"008","5,13","家宝にすっぺ～～～！","2話 アバンタイトル","チョロ松と十四松のデリバリーコント、記念すべき第一回「本当は怖いイソップ物語」より。誰もが知る迷セリフだ！",4,"0008","","card1",3,2,2,0
9,"009","1","就職希望　松野おそ松","2話 就職しよう","「ビッグ、カリスマ、レジェンド、人間国宝！」に就職希望のおそ松。すでにニートのカリスマレベルじゃない？",1,"0009","","card1",0,0,0,0
10,"010","2","就職希望　松野カラ松","2話 就職しよう","「己との戦い、終わりなき試練、やがて俺は立ち上がることもでき…」事務員がグラサンにキラキラパンツはいてたらそれこそイタすぎるよね。",1,"0010","","card1",0,0,0,0
11,"011","3","就職希望　松野チョロ松","2話 就職しよう","就職活動でアジェンダを用意してくるチョロ松は最高にウザい！！彼の要望は意味不明でマストでコミットできるわけがない！",1,"0011","","card2",0,0,0,0
12,"012","4","就職希望　松野一松","2話 就職しよう","「あ、燃えないゴミって表現いいな」とメモする一松。でも、その表現をどこで誰に使うのか…",1,"0012","","card2",0,0,0,0
13,"013","5","就職希望　松野十四松","2話 就職しよう","「うん！できるよ触手！わーい！」職種を聞かれて触手を語りだす十四松。何かの職に役立ちそうな気はするけど。",1,"0013","","card2",0,0,0,0
14,"014","6","就職希望　松野トド松","2話 就職しよう","「彼氏は～？」スマホで連絡先交換？就職探しの時ナンパしちゃうトド松は営業に向いているかも！？",1,"0014","","card2",0,0,0,0
15,"015","1,2,3,4,5,6","仕事終わり？に１杯！","2話 就職しよう","「かーーーっ、やっぱり仕事の後のビールは最高だな！」仕事終わりかは置いといて、昼から１杯いけちゃうのはニートの特権！？",2,"0015","","card2",0,0,0,0
16,"016","1,4,5,6,8","優しいイヤミ","2話 就職しよう","「いやーイヤミくん。やっぱり持つべきものは親友だね！」「前歯よーし！！」仕事を紹介してくれるというイヤミだが、求人票が真っ黒…",2,"0016","","card2",0,0,0,0
17,"017","14","ブラック工場","2話 就職しよう","「なんか全体的に黒いね。」「てかブラックって書いてある。」おまえら社畜には作業の内容は説明不要ザンス！",1,"0017","","card2",0,0,0,0
18,"018","8,10","デカパン所長","2話 就職しよう","「バカな6つ子ザンス。これでまた大もうけザンスね、所長。」やはりデカパンが工場を牛耳っていた！？とっても変幻自在なお方です。",1,"0018","","card2",0,0,0,0
19,"019","3","三男の過ごし方","2話 おそ松の憂鬱","「にゃんにゃんにゃんにゃ～！」橋本にゃーのライブで萌えるチョロ松。オタ芸ってカロリー消費量高そう。",2,"0019","","card2",0,0,0,0
20,"020","14","橋本にゃー","2話 おそ松の憂鬱","「にゃーちゃん超絶かわいいよ！」チョロ松がファンになるのも納得！ライブ会場は超満員！チェキは１枚１０００円！？",3,"0020","","card2",2,1,2,0
21,"021","3,14","握手会に準備万端だが…","2話 おそ松の憂鬱","「SNSのアカウント名を会話にまぜてすりこむ」20秒という短い握手時間の準備は万端だが…「なにやってんだよ！？おそ松兄さん！」",1,"0021","","card3",0,0,0,0
22,"022","2","次男の過ごし方","2話 おそ松の憂鬱","「やっと来たかい？カラ松ガールズ。」逆ナン待ちのカラ松はおそ松に川へ落とされる。実際は「なにあいつ、まじきめぇ。」なのに…。",2,"0022","","card3",0,0,0,0
23,"023","6","末っ子の過ごし方","2話 おそ松の憂鬱","「どちら様でしょうか？」「今、僕だれかと会った？」さすが『ドライモンスター』トド松！明らかに顔が同じなのにスルーされるおそ松…",2,"0023","","card3",0,0,0,0
24,"024","4","四男の過ごし方","2話 おそ松の憂鬱","一松のかわいい一面を見たと思ったら…猫と合体なの？変身なの？もう橋本にゃーより、こっちのほうがニャーだね！",2,"0024","","card3",0,0,0,0
25,"025","5","五男の過ごし方","2話 おそ松の憂鬱","十四松が川を泳ぐ『川登りハッスル』の原案シーン。実は十四松が川を泳いでいる間、ずっと声を出しているが、息継ぎは！？",2,"0025","","card3",0,0,0,0
26,"026","13","ニューおそ松兄さん","2話 おそ松の憂鬱","聖澤庄之助が新しい長男！？先代とは違いイカサマ無しのロイヤルストレートフラッシュが炸裂!!だが、先代に蹴飛ばされ空の彼方へ。",1,"0026","","card3",0,0,0,0
27,"027","1,3,5","宇宙サイコー！","3話 アバンタイトル","「宇宙きちゃったね！」「無重力スパイラル！」とはしゃぐおそ松と十四松。だが先に酸素切れしたのはチョロ松！船も消え…考えるのをやめた。",1,"0027","","card3",0,0,0,0
28,"028","1","松野おそ松","3話 アイキャッチ","テーマカラーは赤。なんだかんだ言っても頼りになる長男おそ松。時々弟たちを思いやる一面もあるが、とんでもないクズ。",1,"0028","","card3",0,0,0,0
29,"029","3,6","キラキラ？マツマツ？","3話 キラキラネーム","ヒフミ屋でキラキラネーム特集。まさか自分たちの名前をキラキラネームだと思っていたとは。確かに兄弟全員、マツマツネームだけどね！",2,"0029","","card3",0,0,0,0
30,"030","2","松野カラ松","3話 アイキャッチ","テーマカラーは青。当初「6つ子の中では参謀のような存在」と紹介されたが、本当はイタイだけのクール？な次男カラ松。",1,"0030","","card3",0,0,0,0
31,"031","3","松野チョロ松","3話 アイキャッチ","テーマカラーは緑。６つ子で唯一の常識人だったはずなのに、話を重ねるごとにハテナな部分が見えてきた。就職するする詐欺の三男チョロ松。",1,"0031","","card4",0,0,0,0
32,"032","3,4","嗅ぎつけた兄さんたち","3話 パチンコ警察","「どうもこの辺りにいるらしいんだよ。」「パチンコ勝ったくせに兄貴に内緒にしようとするクズがね！」兄弟が勝ったことがわかる特殊能力？",1,"0032","","card4",0,0,0,0
33,"033","6","職質される末弟","3話 パチンコ警察","「チョロ松兄さんに一松兄さん！？もうすでに嗅ぎつけていたのか！？」夜中の公園で大事そうにかばんを抱いて佇んでいたら確かに怪しい！",1,"0033","","card4",0,0,0,0
34,"034","3,4,6","逃走!!パチンコ警察24時","3話 パチンコ警察","『逃走!!パチンコ警察２４時』の原案。どれだけ逃げ続けられるか！？最終的には彼らの魔の手から逃れることは出来ないのである！",2,"0034","","card4",0,0,0,0
35,"035","1,2,3,4,5,6","パチンコ祝儀隠蔽法違反","3話 パチンコ警察","「僕はパチンコに勝っただけだ～！！」これが末っ子の運命なのか・・・。出前寿司に消えたトド松の悲しい戦利金なのであった・・・。",2,"0035","","card4",0,0,0,0
36,"036","4","松野一松","3話 アイキャッチ","テーマカラーは紫。市松模様の「市松」と間違える人が多いけど、正しくは「一松」だよ。猫が友達。",1,"0036","","card4",0,0,0,0
37,"037","1,2,3,4,5,6","寝かせてください","3話 寝かせてください","「寝られないなら、子守唄を・・・」「消すよ。」６つ子の夜はハチャメチャだ！それにしてもこの布団…特注にしてもすごい。",3,"0037","","card4",4,1,2,0
38,"038","5","松野十四松","3話 アイキャッチ","テーマカラーは黄色。聖澤庄之助を家宝にしちゃうなんかよくわからないやつ。エスパーニャンコや恋する十四松ではとても優しい！触手が得意！",1,"0038","","card4",0,0,0,0
39,"039","4,12","捕まえる者が捕まえられる","3話 密漁","船で何かを獲ろうとしている二人。そして自分らが獲られる。一松とチビ太のレアコンビのハンドサインが見られるのはここだけ！？",1,"0039","","card4",0,0,0,0
40,"040","6","松野トド松","3話 アイキャッチ","テーマカラーはピンク。６つ子で唯一オシャレアイテムを使いこなす末っ子。しかしパソコンで一体何をやっているのか謎のままである。",1,"0040","","card4",0,0,0,0
41,"041","1,2,3,4,5,6","スーツ６つ子大集合","3話 アイキャッチ","「おそ松くん」では見分けがつかなかった６つ子がそれぞれ個性を持った大人になった！なぜか全員とってもニート。働く日は当分来ない！？",2,"0041","","card5",0,0,0,0
42,"042","8","正しい出っ歯の磨き方","3話 10月31日","正しい出っ歯の磨き方講座を見ながら、毎日４５分かけて歯を磨くイヤミ。こんな出っ歯なんてそうそういないって！",2,"0042","","card5",0,0,0,0
43,"043","1,2,3,4,5,6","トリックバットトリート","3話 10月31日","ハロウィンを勘違いした６つ子たち。彼らのトリックオアトリートは「お菓子くれてもいたずらするぞ！」だ。イヤミは家ごと丸裸に！",3,"0043","","card5",1,1,2,0
44,"044","1,2,3,4,5,6","パーカー６つ子大集合","3話 アイキャッチ","それぞれのテーマカラーに合わせたパーカー。巷では松パーカーと言われ大人気！",2,"0044","","card5",0,0,0,0
45,"045","13","おそ松クイズ　in銭湯","3話 銭湯クイズ","正解したら風呂上がりのコーヒー牛乳をもらえるクイズだ！回答者はチョロ松のみ！全部●●●だし！黒で隠しているのにモザイクかかってるし！",2,"0045","","card5",0,0,0,0
46,"046","2,4,5,6","一人だけ胸隠し！？","3話 銭湯クイズ","タオルで胸まで隠すトド松はやはり女子！？湯船にタオルはつけちゃダメだよ！
※撮影のためタオルを巻いています。",1,"0046","","card5",0,0,0,0
47,"047","8,9","シェー！の練習","4話 アバンタイトル","公園でイヤミがシェーの練習に励む『シェー！の練習』の原案。この時はまだファイナルシェーのための練習だとは誰も知る由もなかった。",2,"0047","","card5",0,0,0,0
48,"048","14","方向性の違いで夫婦喧嘩","4話 自立しよう","バンド解散理由あるある「方向性の違い」で離婚の危機に陥る夫婦。成人である６つ子全員がニートであることを許しているのがすでに危機！",1,"0048","","card5",0,0,0,0
49,"049","1,2,3,4,5,6","僕たちは大切な家族","4話 自立しよう","ニートの牙城がなくなる！？いつも喧嘩ばかりの６つ子たちも、この時ばかりは協力する！まぁ、結局自分だけのためなんだけどね。",4,"0049","","card5",1,2,2,0
50,"050","1,2,3,4,5,6","扶養家族選抜面接","4話 自立しよう","さっきまでの協力はなんだったのか！？自分だけは扶養に入ろうと必死にアピール。やっぱりクズなのね、６人とも。",3,"0050","","card5",4,1,2,0
51,"051","6,14","人心掌握術の達人","4話 自立しよう","「合格よ！」「イエーイ！やったー！1抜けフォーッ！」さすが世渡り上手の末っ子トド松。巧みな話術で狙い通り『扶養』入りを果たす！",1,"0051","","card6",0,0,0,0
52,"052","1","DTなおそ松","4話 トト子なのだ","「好き！好きよ！おそ松くん！」「トト子ちゃーん！」女の子の部屋で妄想一人芝居をやって足をツるおそ松。こんなの見られたら超恥ずかしい！",2,"0052","","card6",0,0,0,0
53,"053","5","無邪気な十四松","4話 トト子なのだ","これが十四松の勝負服なのか？人の部屋で無邪気に素振りをしちゃう十四松はとってもかわいい！「野球かな？野球すんのかなぁ～！？」",2,"0053","","card6",0,0,0,0
54,"054","6","オシャレなトッティ","4話 トト子なのだ","「ふふっ。」しっかりオシャレして、トト子の部屋を訪れたトッティ。悲しさのあまり泣きながら素振りをするトッティは割と素直。",2,"0054","","card6",0,0,0,0
55,"055","4","ビジュアル系な一松","4話 トト子なのだ","これはやばい…たぶん、これいじっちゃダメなやつだ。部屋の隅からすごい見てくるらしい。",2,"0055","","card6",0,0,0,0
56,"056","2","オカルトなカラ松","4話 トト子なのだ","「OH～YEAH～」女の子の家に風呂上がりのバスローブ姿でくるカラ松はオカルト。すぐに通報すべき！あの十四松もビックリだ！",2,"0056","","card6",0,0,0,0
57,"057","3,7","マネージャーなチョロ松","4話 トト子なのだ","「トト子ちゃんのためにお集まりいただき誠にありがとうございます。」全身テーマカラーの緑スーツが様になっている。これは就職なのか…？",2,"0057","","card6",0,0,0,0
58,"058","7","デビューライブ","4話 トト子なのだ","「人類みなエラ呼吸～♪」魚屋だけに魚をイメージしたアイドル服。魚とか貝とかタコとか混じってる！だけど盛り上がってるのは６つ子だけ…。",2,"0058","","card6",0,0,0,0
59,"059","6,9","本当は悲しい赤ずきんちゃん","4話 エピローグ","デリバリーコント第二回はトド松とダヨーンの組み合わせ！これまたかなり珍しいコンビ。ダヨーンの特徴が全て遺伝だったとは・・・。",1,"0059","","card6",0,0,0,0
60,"060","14","次回予告","4話 次回予告","毎回次回予告もいろいろな小ネタが入っていて面白かったよね！？だからカードにしてみました。ただそれだけー。",1,"0060","","card6",0,0,0,0
61,"061","1,2,3,4,5,6,12","チビ太のおでん屋","5話 カラ松事変","「てめぇら、ちゃんと払う金もってんだろうな？」ニート６つ子は今日もツケ！はたしてツケはいくらたまっているのだろうか…",3,"0061","","card7",4,1,2,0
62,"062","2,12","誘拐されたカラ松","5話 カラ松事変","「アチッ！」兄弟たちから見捨てられたカラ松にあつあつおでんバズーカが迫り来る。それにしてもニートたちを相手に身代金を要求って…",2,"0062","","card7",0,0,0,0
63,"063","14","松野家","5話 カラ松事変","６つ子ニートにとって大事な牙城である松野家。ビルに囲まれちゃって日当たり悪そう！？とっても懐かしい作りの家だ。",2,"0063","","card7",0,0,0,0
64,"064","1,3,4,5,6","ニート達！梨がむけたわよ！","5話 カラ松事変","お母さんが剥いてくれた梨がとっても美味しそう。クズニートたちにとっては、カラ松より梨が大事なんです！そりゃチビ太も同情するって。",3,"0064","","card7",2,1,2,0
65,"065","1,3,4,5,6","次男への愛深きゆえに","5話 カラ松事変","「オイラを倒して助けてみやがれ！」チビ太は自分を犠牲にカラ松が兄弟に愛されているかを試すが、やっぱりこの５人には無駄だったね！",1,"0065","","card7",0,0,0,0
66,"066","2","次男放置","5話 カラ松事変","結局助けられないカラ松。次男への愛なんてやっぱりなかったのか。火は消されたがそのまま玄関前に放置され…「エスパーニャンコ」に続く。",1,"0066","","card7",0,0,0,0
67,"067","4,5","デカパンラボ訪問","5話 エスパーニャンコ","「たのもー！たのもー！」一松兄さんのためにデカパン博士に相談しにきた十四松。十四松の思いは一松に届くのか？",1,"0067","","card7",0,0,0,0
68,"068","14","エスパーニャンコ","5話 エスパーニャンコ","デカパン博士の薬で人の気持ちがわかり話ができるようになったネコ。誰もメガネには突っ込まない。後に薬の効果がきれて普通のネコに戻る。",1,"0068","","card7",0,0,0,0
69,"069","4,5,10","後ろから注射","5話 エスパーニャンコ","「知りたいかも…こいつの気持ち…」一松の願いを叶えるには注射で薬をうつしかないんです！でもなぜそこに注射しないといけないのか。",2,"0069","","card7",0,0,0,0
70,"070","4,14","僕にはみんながいるから","5話 エスパーニャンコ","「友達？仲間？オレには一生いらない。」という一松だったが…本心は逆だった！けど知られたくない心の奥を誰かに言われるのって辛い。",2,"0070","","card7",0,0,0,0
71,"071","5,14","一松思いの十四松","5話 エスパーニャンコ","行方知れずになったエスパーニャンコを見つけてきてくれた十四松。服も顔もボロボロ！最初からずっと十四松は一松のことを思っていた！",3,"0071","","card8",3,1,2,0
72,"072","4,14","仲直り","5話 エスパーニャンコ","「ごめんね。」「オレも…ごめん。」仲直りする一松とエスパーニャンコ。やっぱり二人は仲良しだ！ナイス十四松！",4,"0072","","card8",2,2,2,0
73,"073","2","カラ松の扱い","5話 エスパーニャンコ","「扱いが全然ちがーーーーう！」そういえばカラ松っていたなぁ。最後まで誰もつっこむことはなかった。ここまでが本当の『カラ松事変』！",1,"0073","","card8",0,0,0,0
74,"074","1,2,3,4,5,6","ニート＝暇","6話 おたんじょうび会ダジョー","「ひ～♪ま～♪だ～♪な～♪」いつも通りの暇な６つ子ニートたち。なんだか全員シュールなポーズ。おそ松兄さん、その体勢きつそう。",2,"0074","","card8",0,0,0,0
75,"075","1,2,3,4,5,6","ハタ坊の誕生日会","6話 おたんじょうび会ダジョー","プライベートが謎なハタ坊の誕生日会に招待された６つ子。「みなさん、本日の旗の調子はいかがですか？」執事もなにかと旗を絡ませてくる。",2,"0075","","card8",0,0,0,0
76,"076","1,2,3,4,5,6,11","ミスターフラッグ","6話 おたんじょうび会ダジョー","ハタ坊自体はなんも変わってなくて一安心？あめりかの大統領からの相談に「アメリカンドッグだジョー！」。なにがっ！？",1,"0076","","card8",0,0,0,0
77,"077","1","おそ松兄さんの天才的発想","6話 おたんじょうび会ダジョー","「ほんのちょっとでいいからお金分けてくれない？」さりげなくハタ坊のことを金づる坊と呼んじゃうあたり、さすがおそ松兄さん！",1,"0077","","card8",0,0,0,0
78,"078","6,11","入社条件は旗","6話 おたんじょうび会ダジョー","「いくジョー！」面接すらないフラッグコーポレーションの入社条件は旗を立てること！頭に刺すのはキツい。まだお尻のほうが何とかなるかも？",2,"0078","","card8",0,0,0,0
79,"079","11","後ろから旗？","6話 おたんじょうび会ダジョー","「その太さだったら俺ら刺せるかも。」ちゃんとお尻用の旗を用意してくれるハタ坊は優しい？これで６つ子もハタ坊の友達ダジョー！",4,"0079","","card8",4,2,2,0
80,"080","1,8","おめでとうイヤミくん！","6話 イヤミの大発見","「これでおフランスに一歩近づけたザンス！」負けっぱなしのイヤミだったが、最後は当たって大喜び？まぁケンタウロスだったわけですが…",1,"0080","","card8",0,0,0,0
81,"081","8,9","伝説のギャグ「シェー！」","6話 イヤミの大発見","イヤミとダヨーンは仕事を求め赤塚市役所へ。かつて一世を風靡したシェーは皆に忘れ去られていた。でも50年ほど前の話だからしょうがない！",1,"0081","","card9",0,0,0,0
82,"082","8,10","超希少金属イヤメタル","6話 イヤミの大発見","「ミーにはまだこの歯があったザンス！」デカパン博士が発見したイヤメタルはなんと1京億円の価値があった！0が24個つきます。",1,"0082","","card9",0,0,0,0
83,"083","8","イヤミ、世界へ","6話 イヤミの大発見","「昔の地位も越えたザンス！」イヤメタルのおかげで世界中から注目される存在となったイヤミ。あの有名な新聞にも載ったとか載らないとか。",1,"0083","","card9",0,0,0,0
84,"084","1,8,11","量産型イヤメタル","6話 イヤミの大発見","頭を叩けば生えてくるカンナのシステムだとわかったイヤミの歯。となればブラック工場にて量産開始！「儲かっちゃうジョー！」",2,"0084","","card9",0,0,0,0
85,"085","6","ご注文を承ります！","7話 トド松と５人の悪魔","バイトを始めて苦節数週間のトド松。遂に女の子から合コンに誘われるも…5人の悪魔がすぐそこまで迫っているのであった。",2,"0085","","card9",0,0,0,0
86,"086","1,2,3,4,5","5人の悪魔","7話 トド松と５人の悪魔","「あんれまぁ。こりゃまたハイカラな店だっぺー～」ついにあらわれた5人の悪魔…もとい兄さん達。彼らに悪意は全くない？",3,"0086","","card9",2,1,2,0
87,"087","1,2,3,4,5,6","帰ってください！","7話 トド松と５人の悪魔","地面が割れるほど頭をうちつけてでも兄さん達を説得して帰らせようとするトド松。十四松だけすごくくつろいでいる。",2,"0087","","card9",0,0,0,0
88,"088","1,2,3,4,5","存在が恥ずかしい兄さんたち","7話 トド松と５人の悪魔","「みんな天上人。兄さんたちとは月とスッポンの差がある。」さすがの5人もこれにはバタンキュー！もうちょっとで死ぬところでした。",2,"0088","","card9",0,0,0,0
89,"089","6","トッティ","7話 トド松と５人の悪魔","「なんちゅー目してんだ！？」いつもの女子力はどうしたトド松！キャラ崩壊！トッティは某有名な大学の学生…だったっけ？",4,"0089","","card9",2,2,2,0
90,"090","6","おかえりトッティ","7話 トド松と５人の悪魔","「今日は本当にありがとうトッティ！」最底辺から脱出したトッティは5人の悪魔によってまた最底辺に戻されてしまった。「た…ただいま…」",3,"0090","","card9",2,1,2,0
91,"091","1","おそ松　戦闘モード","7話 ４個","「どうやら実力行使しかないようだなーっ！」おそ松はヌンチャクをとって構えをとる。アタタアターッ！絶対に自分にぶつけるね。",1,"0091","","card10",0,0,0,0
92,"092","6","トド松　戦闘モード","7話 ４個","「へへっ。しょうがないねぇ！」カフェの店員らしくメニュー表を武器に！トッティの何かが炸裂する！？",1,"0092","","card10",0,0,0,0
93,"093","2","カラ松　戦闘モード","7話 ４個","「ふっ、残念だ。」一体、誰！？武器だけを見るとカラ松が優勢なのはあきらか！？",1,"0093","","card10",0,0,0,0
94,"094","5","十四松　戦闘モード","7話 ４個","「こい！このやろう～！」って一体誰なんだこのやろう！接近戦のプロレスは不利か！？",1,"0094","","card10",0,0,0,0
95,"095","4","一松　戦闘モード","7話 ４個","「終わらせる。」ネコと同化した一松！素早い爪ひっかき攻撃はものすごく痛そうだがはたして勝負の行方は。",1,"0095","","card10",0,0,0,0
96,"096","1,2,3,4,5,6","おい！！！これ…見ろ。","7話 ４個","4個を3個にできて一安心！…と思ったら「１個だけ…クリームだよ！？」
彼らの戦いはこれからも続くのだ！",2,"0096","","card10",0,0,0,0
97,"097","9,10","バイク走～北へ～","7話 北へ","『バイク走～北へ～』の原案シーン。風になってバイクで走るデカパンとダヨーン。見た目によらず移動速度はとっても遅いぞ！",3,"0097","","card10",6,1,2,0
98,"098","9,10","ヒッチハイク","7話 北へ","電車に轢かれたデカパンとダヨーンは北へ行くためにヒッチハイクをすることに。うまくいかない２人はセクシーポーズでチャレンジするが…",1,"0098","","card10",0,0,0,0
99,"099","10","デカパンの夢","7話 北へ","旅に疲れて一眠りするデカパン。どんな夢を見ているのだろうか。二人が目指すあめりかはまだまだ遠い！？",1,"0099","","card10",0,0,0,0
100,"100","9,10","旅の思い出","7話 北へ","デカパンが持ってきたあめりかの地図。走馬灯のように今までの冒険が頭をよぎる。そして凍ったデカパンを谷底に蹴り落とすダヨーンであった。",1,"0100","","card10",0,0,0,0
101,"101","1","なごみ探偵おそ松くん","8話 なごみのおそ松","「彼が来たからにはもう安心！」2000件以上の事件を捜査して謎を解いたことは１度もない。「ただの役立たずですよねそれ！？」",4,"0101","","card11",-1,1,1,0
102,"102","3,6","なごみ探偵の力","8話 なごみのおそ松","「今回の事件、その犯人は…この世のどこかにいます！」役立たずなんてとんでもない！凶器までなごんで丸くなる！？これがなごみ探偵の力だ！",2,"0102","","card11",0,0,0,0
103,"103","7","お魚アイドルワンマンライブ","8話 トト子の夢","おそ松たちしか見に来ていないトト子のワンマンライブ。実家の魚松のお客さんにお知らせを出せばもうすこし集まりそうな気が…。",1,"0103","","card11",0,0,0,0
104,"104","1,2,3,4,5,6","オタ芸松","8話 トト子の夢","「パクパクパク、いぇーい！」「トト子ちゃーん！超絶かわいいよーっ！」６つ子のオタ芸の完成度は高いが…売れるわけない。",4,"0104","","card11",2,2,2,0
105,"105","2,7","必殺のボディーブロー","8話 トト子の夢","「泣～かな～い…グホッ！！」トト子必殺のボディーブローがカラ松に炸裂！カラ松が悪くなくてもカラ松が殴られます。本当に不遇だ。",2,"0105","","card11",0,0,0,0
106,"106","7","メカトト子","8話 トト子の夢","ひとまわりもふたまわりも大きくなって帰ってきた！褒められるとミサイル発射！？意外と知られていないが肩にはデカパン博士が乗っている。",1,"0106","","card11",0,0,0,0
107,"107","1,2,3,4,5,6","トト子ちゃんなら","8話 トト子の夢","トト子の本音を知っても可愛いとベタ惚れし続ける６つ子。メカトト子でも愛せます。６つ子は女性の趣味も同じなのか！？",3,"0107","","card11",1,1,2,0
108,"108","2,5","６つ子に生まれた～","8話 エピローグ","６つ子に生まれたらやっぱり大変らしい。そんな哀愁漂うのがこの歌だ。「生活臭も～野郎６人分～。」作詞作曲：カラ松か？",2,"0108","","card11",0,0,0,0
109,"109","1,4","本当は気まずい鶴の恩返し","9話 アバンタイトル","デリバリーコント第三回はおそ松＆一松！「どうか一晩だけ泊めていただけな…」「無理っす。いや大丈夫です。」確かにきまずい。",1,"0109","","card11",0,0,0,0
110,"110","2,12","チビ太とカラ松","9話 チビ太とおでん","黙々とおでんを食べるカラ松。あいかわらず仕事のことはノープラン！なんだかんだ言っても、この二人仲がいいよね。",2,"0110","","card11",0,0,0,0
111,"111","2","坊主カラ松おでん修行","9話 チビ太とおでん","むちゃくちゃな理由でチビ太に弟子入りさせられ、一方的なおでん講義を受けるカラ松。カッコつける暇もないほどのマシンガントーク。逃げろ！",1,"0111","","card12",0,0,0,0
112,"112","5","463のゲッツー","9話 恋する十四松","「おはよーんろくさんの～ゲッツゥー！」朝からテンションの高い十四松おとくいの野球ギャグ！ちなみに463は背番号のことをさしている！",1,"0112","","card12",0,0,0,0
113,"113","5","ただいマッスル！","9話 恋する十四松","「マッスルマッスル！ハッスルハッスル！」十四松といえばこのセリフ！ニートなだけに朝から晩まで野球の練習？ずっと一人？",2,"0113","","card12",0,0,0,0
114,"114","1,2,3,4,6","兄弟としての使命","9話 恋する十四松","恋する十四松を尾行する５兄弟。「お兄ちゃん応援しないわけにはいかない！」手ぬぐいもしっかり個別のテーマカラーでかわいい！",3,"0114","","card12",4,1,2,0
115,"115","5,14","十四松の待ち合わせ","9話 恋する十四松","待ち合わせのカフェで目覚まし時計片手に十四松が待っていると…来た！実物もけっこうかわいい女のコ！５人は嫉妬！",2,"0115","","card12",0,0,0,0
116,"116","5,14","お似合いですね！","9話 恋する十四松","「アハハハハッ、ハッ…！」デート中に十四松の新ギャグで大笑い！そして気絶！やっぱり十四松が好きになった人！かわいいけど変わってるね！",1,"0116","","card12",0,0,0,0
117,"117","1,2,3,4,6","がんばれ十四松！","9話 恋する十四松","「俺より先に彼女つくろうとしてんじゃねー！」ってドタバタしたけど…服装を考えたり見送ったりと優しい兄弟！結局いつものスーツだけど。",3,"0117","","card12",3,1,2,0
118,"118","4,5","十四松のなみだ","9話 恋する十四松","告白して振られてみんなの前でたまらず大泣きする十四松。こういう時は泣きたいだけ泣いていいのだ。そうやってニートも成長していくのだ！",2,"0118","","card12",0,0,0,0
119,"119","5,14","泣かないで","9話 恋する十四松","故郷に帰る彼女を見送りにきた十四松。別れを惜しみ泣き出す彼女を笑わせようとする。「泣かないでよーんろくさんのゲッツゥ！」",4,"0119","","card12",3,2,2,0
120,"120","14","また会えマッスルマッスル！","9話 恋する十四松","走りさる電車を必死に追いかけながらギャグを続ける十四松に最後に最高の笑顔をくれた彼女。ホームの端で電車を見送る十四松の背中が切ない。",2,"0120","","card12",0,0,0,0
121,"121","2","次男がイタイ理由（わけ）","10話 アバンタイトル","「イタイってなんだ…？」イタイのを気にしているカラ松だけど自分の顔のクソタンクトップにクソカラコン！でもイタイのがカラ松なんだよ！",2,"0121","","card13",0,0,0,0
122,"122","8,9,12","レンタル彼女をやるザンス！","10話 イヤミチビ太のレンタル彼女","自分たちが女装するとは…イヤミの発想はぶっとんでる！６つ子もブスには普通に厳しい！「化け物！」「吐きそうだ。」「じゃあなブス！」",2,"0122","","card13",0,0,0,0
123,"123","4,14","おもちゃはカラ松サングラス","10話 イヤミチビ太のレンタル彼女","部屋でいつもようにネコとじゃれる一松。「いいぞ…いいぞ…」いいぞってそれカラ松の大事なサングラス…結局こわしちゃったし！！",1,"0123","","card13",0,0,0,0
124,"124","3,8","レンタル彼女　イヤ代ちゃん","10話 イヤミチビ太のレンタル彼女","「実物ハンパねぇ！」イヤミ扮したイヤ代ちゃんにひと目で心うたれるチョロ松。でもレンタルメガミじゃなくてレンタルイヤミだよそれ。",1,"0124","","card13",0,0,0,0
125,"125","3,8","一軍の人？","10話 イヤミチビ太のレンタル彼女","「なんだこれ…完全に一軍の人きたよー！」まさかの展開に喜びでっかいお胸に見とれるチョロ松。でも一軍どころかイヤミの胸だよそれ。",1,"0125","","card13",0,0,0,0
126,"126","6,12","レンタル彼女　チビ美ちゃん","10話 イヤミチビ太のレンタル彼女","「しょうがないなぁ～！」チビ太扮したチビ美に騙されサイフまで渡してしまい貢ぎまくりのトッティ。チビ太のほうがまだ面影が残ってる？",1,"0126","","card13",0,0,0,0
127,"127","2","まわりだした恋の歯車","10話 イヤミチビ太のレンタル彼女","イタイ発言浴びせられ料を「カラ松くんカッコイイから」と負けてもらいイヤ代ちゃんに惚れちゃったカラ松。そんなところもイタすぎです。",3,"0127","","card13",6,1,2,0
128,"128","1,2,3,4,5,6","身ぐるみ剥がされたニート","10話 イヤミチビ太のレンタル彼女","「俺たちもう…お金がないから～…」お金がなくなりイヤヨとチビ美に相手にされない６つ子。今までのお金はどこから出ていたのだろうか。",2,"0128","","card13",0,0,0,0
129,"129","7","シャコ～！","10話 イヤミチビ太のレンタル彼女","「今度は甲殻類に挑戦～！」まさかシャコをチョイスするとは…さすがトト子センスです！ちなみにシャコは漢字で蝦蛄。食べるとうまい！",2,"0129","","card13",0,0,0,0
130,"130","1,2,3,4,5,6,7","超必殺のボディーブロー","10話 イヤミチビ太のレンタル彼女","「トト子ちゃん…今はそれどころじゃ。」６つ子に相手にされないトト子の超必殺ボディーブローが炸裂！これ全員の胸を突き抜けてるよね！？",4,"0130","","card13",2,2,2,0
131,"131","1,2,3,4,5,6","レンタル彼女でニート卒業？","10話 イヤミチビ太のレンタル彼女","「仕事っていいね！」「働くってすばらしい！」『工事現場』から『まぐろ漁船』、『お見せできないお仕事』まで！男の欲求パワーのすごさよ！",2,"0131","","card14",0,0,0,0
132,"132","8","イヤヨとイヤミの間","10話 イヤミチビ太のレンタル彼女","薬の効き目が悪くなり６つ子との大事なデート中に出っ歯が生えてきてしまったイヤヨ。コップを軽々と粉砕…さすがイヤメタル！",1,"0132","","card14",0,0,0,0
133,"133","1,2,3,4,5,6","6つ子の復讐","10話 イヤミチビ太のレンタル彼女","正体がばれ檻に入れられたイヤミとチビ太にニート達の恐ろしい復讐が！檻の鍵の請求額はなんと８兆円！？「いいから母印だあああっ！！」",2,"0133","","card14",0,0,0,0
134,"134","4","一松のクリスマス","11話 ブラックサンタ","聖なる夜にカップルの前に突如現れたサンタ？威圧感のある目で語りかけてくる。「で、この後の予定は？」自分から聞いといて人体自然発火！",1,"0134","","card14",0,0,0,0
135,"135","2","カラ松のクリスマス","11話 逆ナン","逆ナン待ちをするカラ松に一人の女性が…「来たか！カラ松ガールズ！」。しかしその先にあったのは本物の愛ではなく８６万円の請求だった。",1,"0135","","card14",0,0,0,0
136,"136","3,7","Xmas　トト子とチョロ松","11話 The Perfect Christmas","「私はあなたのために…イルミネーションを作った！」すごく綺麗なイルミネーションを自分で作っちゃう…さすがビューティージーニアス！",3,"0136","","card14",1,1,2,0
137,"137","5,7","Xmas　トト子と十四松","11話 The Perfect Christmas","「お姫様。じゃあ登ろっか？」イルミネーションを登るのもすごいが、その後のライト点灯演出は地球スケールだった！「メリークリスマス。」",3,"0137","","card14",2,1,2,0
138,"138","2,7","Xmas　トト子とカラ松","11話 The Perfect Christmas","「通れるようにしてやったぜ。」ブスといいつつも結局優しい。ものすごいツンデレっぷりを発揮！普段のイタさはあまり感じない？",3,"0138","","card14",3,1,2,0
139,"139","4,7","Xmas　トト子と一松","11話 The Perfect Christmas","そんなこんなで帝王なんとかから追われる身となったトト子を助ける一松。雪山の山小屋で体を寄せ合う２人…これは確かに鼻血出ます。",3,"0139","","card14",5,1,2,0
140,"140","1,7","Xmas　トト子とおそ松","11話 The Perfect Christmas","そんなこんなでおそ松くんとディナーへ。クリスマスプレゼントはなんと雪を降らせてホワイトクリスマス！おそ松ってサンタだったんですか！？",3,"0140","","card14",4,1,2,0
141,"141","6,7","Xmas　トト子とトド松","11話 The Perfect Christmas","家に帰るともう一人のサンタさんが。「私こんなの初めて！」そりゃ空飛ぶなんて普通の人間じゃ不可能…って兄さん達もみんな飛んできたし！",3,"0141","","card15",6,1,2,0
142,"142","1,2,3,4,5,6","松野家クリスマスパーティー","11話 プレゼント交換","「メリークリスマース…」「しねしねしねしねしーねしね。」毎年毎年こんな調子なのだろうか。「誰得よ？このパーティー…」",2,"0142","","card15",0,0,0,0
143,"143","14","カラ松GREAT☆","11話 プレゼント交換","一松はカラ松のプレゼントをゲット。いつものイッタいパンツと同じにおいがします。残念だったね一松兄さん…けど結局中身は一緒でした！",3,"0143","","card15",5,1,2,0
144,"144","8","おフランス製マッチ1900円","11話 マッチ売りのイヤミ","「マッチはいらんザンスか？買ってチョーよ。」誰にも相手にされず火をつけると…。それにしてもマッチにおフランス製を求める人はいない！",1,"0144","","card15",0,0,0,0
145,"145","9,10","Xmas　デカパンとダヨーン","11話 愛","ダヨーンとデカパンはやっぱり仲良し！クリスマスも一緒！ターキーにワインにケーキ、プレゼント交換。そして酔っ払った２人は街に繰り出し…",1,"0145","","card15",0,0,0,0
146,"146","9,10","Xmas　デカパンとダヨーン2","11話 愛","肩を寄せ合い街を歩く酔っ払った２人は突如現れたまぶしい輝きに導かれ…ってそこお店ですけど！？金で買える愛はあるのか？",4,"0146","","card15",6,2,2,0
147,"147","5","サンタの存在を信じて","11話 十四松とサンタ","靴下をぶらさげ２０歳を超えた今年もサンタを待ち続けた十四松。ついにつかまえた！！毎年毎年サンタを待ち続けた甲斐があったというもの。",2,"0147","","card15",0,0,0,0
148,"148","11,14","やっぱり男は金だね！","11話 クリスマス飲み","男は金じゃない！と言う６つ子の後ろを通るハタ坊の豪華船！お金をばらまくハタ坊の膝元には橋本にゃーの姿も…。ミスターフラッグ健在！",1,"0148","","card15",0,0,0,0
149,"149","1,2,3,4,5,6","メリークリスマス！！","11話 アイキャッチ","６つ子イケメンChristmasバージョン大集合！結構めずらしいカット。やることなすことスケールが大きすぎ！さすが赤塚財閥の御曹司！",3,"0149","","card15",7,1,2,0
150,"150","1,2,3,4,5,6","お願いします！帰って！","11話 土下座","「お願いします！デートしてください！」土下座どころか倒れこんでお願いする６つ子だったが…。トト子の両親によると毎年の恒例行事らしい。",3,"0150","","card15",6,1,2,0
151,"151","2,9","カラ松　ダヨ～ン相談室","11話 エピローグ","ここはおそ松さんの出演者が本音をぶちまける秘密の相談室。今週の相談者カラ松はこれで2クール目でのひどい扱いも保障されたぞ！",1,"0151","","card16",0,0,0,0
152,"152","14","実松さん　第三話","13話 連続テレビドラマ　実松さん","会社など外でひどい扱いを受けるサラリーマンの実松。彼には人には言えない秘密があった！実は朝の時点で歯ブラシも茶碗も６個あった…",1,"0152","","card16",0,0,0,0
153,"153","14","実松さんの秘密","13話 連続テレビドラマ　実松さん","実松にはそっくりな５人の兄弟がいたのだがそれは…。名前は門松と菊松と平松と徳松と捨松らしい。『第四話実松はどれだ』も気になります！",2,"0153","","card16",0,0,0,0
154,"154","1","おそ子","13話 じょし松さん","「頼れるサバサバ系って言われてるけど、これでもかわいいとこあるんだぞ！」スーツ姿のOL風女子。ねえさんと呼ばれ慕われているが実際は…",1,"0154","","card16",0,0,0,0
155,"155","2","カラ子","13話 じょし松さん","「やるじゃん！アタシについてこれるなんてっ！合格！！」スポーツインストラクター風女子。言動もおっさん臭く、野生動物レベル。",1,"0155","","card16",0,0,0,0
156,"156","3","チョロ子","13話 じょし松さん","「おたくはチビ×ダヨ？ダヨ×チビ？NGなのはイヤ×ハタだから！」眼鏡をかけたオタク女子。やばい妄想はもはや日常的。",1,"0156","","card16",0,0,0,0
157,"157","4","一子","13話 じょし松さん","「生きるってソウルとボディのバランスよね。意味わかる～？」スピリチュアル風女子。じょしになっても皮肉さは変わらず。口臭はドブの臭い。",1,"0157","","card16",0,0,0,0
158,"158","5","十四子","13話 じょし松さん","「さっきあの人見ちゃった！若くてハンサムでイケメンで俳優の男のひ♪と♪」ガングロギャル風女子。ウソ泣きで注意を引くかまってちゃん。",1,"0158","","card16",0,0,0,0
159,"159","6","トド子","13話 じょし松さん","「みんなみんな！地球って宇宙船に乗る仲間たちなんだよね！」山ガール風女子。暇があれば松尾山へ訪れる。見かけとは裏腹にあざとくエグい。",1,"0159","","card16",0,0,0,0
160,"160","1,2,3,4,5,6","じょし松たちの合コン？","13話 じょし松さん","合コンのために集まった６人は待つ間にゲスなガールズトークを繰り広げ険悪なムードに…。仲直りしたところで男性からの悲しい着信が…",3,"0160","","card16",5,1,2,0
161,"161","1,4","負けた長男に愛のキス","14話 風邪ひいた","「一松兄さん風邪うつしてあげて。」トド松にそう言われて一松がとった行動は濃厚なキス…。その結果「しんぶんしっ！」",2,"0161","","card17",0,0,0,0
162,"162","1,2,3,4,6","闇人形の看病（調教）","14話 風邪ひいた","「ギンギンにした冷たいタオルがほしいんだろ？」一松様のドSっぷりな看病！「これがいいんだろ？え？早く風邪を治せブタども！」",3,"0162","","card17",2,1,2,0
163,"163","1,2,3,4,6","十四松病？","14話 風邪ひいた","分裂した十四松により風邪は治ったが…「十四松はひとりで十分なんです！」母の言うことはごもっとも。十四松ですら「まじうるさいね！」。",2,"0163","","card17",0,0,0,0
164,"164","2","ワントゥースリー…ニャッ！","14話 トド松のライン","ウインドの音…を聞いている俺。スカイの香り…を嗅いでいる俺。そしてサンシャイン…を浴びている俺。おりてくる！いや、自分がおちた。",4,"0164","","card17",4,2,2,0
165,"165","6","ドライモンスター　トッティ","14話 トド松のライン","ジム通い、囲碁教室通い、富士山登山を隠していたトッティは人に興味が持てないドライモンスター？一松博士いわく心が乾ききった化け物。",1,"0165","","card17",0,0,0,0
166,"166","1,2,3,4,5,6","トド松のすべて","14話 トド松のライン","「隠し事は一切しない！」へそのしわフェチのトッティはちょーど良いラインがわからない。兄弟ランキングはみんな一位な辺りもあざといねぇ！",2,"0166","","card17",0,0,0,0
167,"167","3,6","松野高校　チョロ松教頭","14話 チョロ松先生","トド松先生が企画した文化祭の改善点を指摘する気にしすぎなチョロ松教頭。だからAV機器だってば！そしてなぜか教える頭に過敏に反応！
",1,"0167","","card17",0,0,0,0
168,"168","14","2クール目タイトル","2クール オープニング","2クール目のオープニングタイトル画面。どっかでみたことあるようなお店がいっぱい！シックスランはここからはじまる？",2,"0168","","card17",0,0,0,0
169,"169","1,2,3,4,5,6","シックスラン","2クール オープニング","宇宙？をひた走る６人。走り方にもしっかりと個性が出ています。デカパンやチビ太、ハタ坊を避けて走れ！",3,"0169","","card17",7,1,2,0
170,"170","1,2,3,4,5,6,7,8,9,10,11,12,14","いっシェー！２","2クール オープニング","モアイからイヤミが現れてみんなでシェージャンプ！1クール目はスーツだったのに対しこちらはパーカーでシェー。橋本にゃーちゃんもいるぞ！",3,"0170","","card17",5,1,2,0
171,"171","1,2,3,4,5,6,7,8,10,11,12,13,14","みんなでラン","2クール オープニング","主要なキャラクターが勢ぞろい！この後は名前もないキャラクターや城や乗り物まで登場。それにしてもイヤミの走り方がオネエすぎる…。",3,"0171","","card18",7,1,2,0
172,"172","1,2,3,4,5,6","ついにオープニングではだか","2クール オープニング","あの広い宇宙の星は十四松の鼻息だった？なぜかトド松の口からは金魚、一松の口からはちょうちょが。カラ松はお風呂でもイタかった！",3,"0172","","card18",7,1,2,0
173,"173","1,2,3,4,5,6","チョークONパーカー","2クール エンディング","1クール目のおでんにからし絵とは変わり、チョーク絵に変更！パーカーの動きが絶妙。エンディングでもトト子からひどい扱いを受ける６つ子。",3,"0173","","card18",2,1,2,0
174,"174","1,2,3,4,5,6","イケメン制服大集合","スペシャル","６つ子イケメン制服バージョン大集合！彼らはなんと赤塚財閥の御曹司の６つ子なんです！どこぞのニートとは違います！",4,"0174","","card18",7,2,2,0
175,"175","1,2,3,4,5,6","SD６つ子大集合","スペシャル","こんなに持ち運びしやすそうな６つ子だったら、いつも連れて歩きたい！養いたい！「パズ松さん」でSD６つ子が大活躍中！",4,"0175","","card18",4,2,2,0
176,"176","1,2,3,4,5,6","アニメティザービジュアル","スペシャル","伝説の６つ子が帰ってきた！しかも大人になって…！…でもやっぱり６つ子はバカだった。まだハッキリした個性がわかりづらい？",4,"0176","","card18",1,2,2,0
177,"177","2,4","お花見","描き下ろし","「花より団子」ということわざがあるけれど、カラ松の場合は「花よりも団子よりも自分」？いつもの事に呆れる一松。弁当を狙われてるぞ！",4,"0177","","card18",6,2,2,0
178,"178","1,2,3,4,5,6,7,8,9,10,11,12,13","アプリメインビジュアル","描き下ろし","本アプリのメインビジュアル！６つ子が仲良く1つずつライフを使えるように上限を６個にしました！イヤミは『シェー！の練習』でＥ判定…",5,"0178","","card18",-1,2,1,0
179,"179","1,2,3,4,5,6,8","これがほんとのむつごおとし","描き下ろし","『むつごおとし』の積み木の最上には実は６つ子が乗っていた！？実はみんなが積み木をはじくたびに６人はビックリしてるんだよ。",5,"0179","","card18",1,4,2,0
180,"180","1,2,3,4,5,6","容疑者VSパチンコ警察","描き下ろし","パチンコ警察に見つかったトド松。果たしてどこまで逃げ続けられるか？制服はアプリオリジナルで各テーマカラーに！十四松の帽子も黄色です。",5,"0180","","card18",2,4,2,0
181,"181","1,2,3,4,5,6,7,8,9,10,11,12,13","ハッスルしすぎた川登り","描き下ろし","なぜか川を全力で泳いでいく十四松！そのジャンプはマッスル超人的！これが本当のバタフライ！聖澤庄之助も泳ぎたがってるよ。",5,"0181","","card19",3,4,2,0
182,"182","1,2,3,4,5,6,8","シェー！！！！な連中","描き下ろし","おいおい、イヤミ。それを出すのはさすがに反則だって。そんなもん出すから６つ子全員がマジなシェー！！練習どころじゃありません！",5,"0182","","card19",5,4,2,0
183,"183","1,2,3,4,5,6,7,8,9,10,11,12,13","巨大おでんくずし","描き下ろし","伝説の６つ子が帰ってきた！しかもおでんくずしのボスになって…！チビ太の挑戦はここから始まる！さぁステージいくつまでいけるかな？",5,"0183","","card19",4,4,2,0
184,"184","1,2,3,4,5,6,9,10","バイク走～服屋へ～","描き下ろし","なぜかあめりかを目指している６つ子はなぜか服を失った！？決死のヒッチハイクに挑戦！結果デカパンとダヨーンと同レベルでした。",5,"0184","","card19",6,4,2,0
185,"185","5,6,14","こどもの日","描き下ろし","あざといトド松のかしわ餅につられて泳ぐ十四松こいのぼり。「ほらほら十四松兄さん、もっと頑張ってよ♪」なんか昔話の絵みたいだね！",4,"0185","","card19",3,2,2,0
186,"186","1,3","GWの思い出","描き下ろし","過激な2人乗りジェットコースター！おそ松は嫌がるチョロ松の手を無理やり…「やめてよ！おそ松兄さん！」。後ろには我らがフジヤマ！",4,"0186","","card19",1,2,2,0
187,"187","1,2,3,4,5,6,7,8,9,10,11,12,13,14","6つ子の誕生日会","描き下ろし","今日は６つ子の誕生日会で全員集合！ほろ酔い気分で絡んでくるおそ松に赤塚先生はちょっと困り気味？６人ともお誕生日おめでとう♪",5,"0187","","card19",-1,1,1,0
188,"188","1","赤塚財閥　松野おそ松","3.5話 松汁","鉄壁リーダー！さわやかジャスティス！な松野おそ松は全裸で寝ちゃってるんですね！気持ちのいい朝を迎えられそうです。",2,"0188","","card19",0,0,0,0
189,"189","2","赤塚財閥　松野カラ松","3.5話 松汁","狙った獲物は一撃必中！肉食系肉！「風が…泣いている。」さすがいつでもクールな松野カラ松。",2,"0189","","card19",0,0,0,0
190,"190","3","赤塚財閥　松野チョロ松","3.5話 松汁","ハーバード大学準教授！ビューティージーニアス！「IMFが僕のブレーンに挑戦しようというのですか？」インテリな松野チョロ松。",2,"0190","","card19",0,0,0,0
191,"191","4","赤塚財閥　松野一松","3.5話 松汁","カリスマ的求心力！ミステリアスクール！「うっ・・・あっ・・・」ピンチでもかっこいい松野一松。それにしても何で縛られているの？",2,"0191","","card20",0,0,0,0
192,"192","5","赤塚財閥　松野十四松","3.5話 松汁","一万人切りの王子様！スウィートプリンス！「トト菊…そろそろ…」こんな時でも雅に決める松野十四松。",2,"0192","","card20",0,0,0,0
193,"193","6","赤塚財閥　松野トド松","3.5話 松汁","奇跡のルックス！キューティーフェアリー！「チュッ♪」いつでもどこでも可愛くおしゃれな松野トド松。",2,"0193","","card20",0,0,0,0
194,"194","1,2,3,4,5,6","Ｆ６ トップメンコンテスト","3.5話 松汁","今までの映像はコンテスト審査用オフショットだった！あなたは誰に投票する？それにしてもステージでパン１とは…さすがスーパーアイドル！",3,"0194","","card20",7,1,2,0
195,"195","1","松汁の奇跡の効果","3.5話 松汁","栄養素とナニな成分をナニしてナニした赤塚印の松汁でギャグキャラに悩んでいた６つ子はどこに出しても恥ずかしくないイケメンに！買います！",3,"0195","","card20",5,1,2,0
196,"196","1","新品のおそ松！","3.5話 童貞なヒーロー","「自撮りの背後に全裸で写りこむ！」いくぞ、童貞の力を見せてやれ！…でもそんなことしたら普通に捕まっちゃうけどね！",1,"0196","","card20",0,0,0,0
197,"197","2","新品のカラ松！","3.5話 童貞なヒーロー","「小学生が相手でも女子というだけで緊張！」上にあがれないから、上を下に引きずり落とすことで快楽を得ている正義？のヒーロー！",1,"0197","","card20",0,0,0,0
198,"198","5","新品の十四松！","3.5話 童貞なヒーロー","「渋谷こわい！」でもバット持ってるヒーローのほうがこわいんですけど！？なぜかブリーフ１枚だし…松マークも肌に直接書いている！？",1,"0198","","card20",0,0,0,0
199,"199","4","新品の一松！","3.5話 童貞なヒーロー","「…ころす。」「あの大学生をやつざきにすればいいんだね？」暗黒大魔界のヒーローなのか？かなりの闇を感じる…。",1,"0199","","card20",0,0,0,0
200,"200","6","新品のトド松！","3.5話 童貞なヒーロー","「ギルガメ復活しろっ♪」「ごまかしたってダメ！君はわれわれ側の人間だ！」なんというむかつくヒーローなんだ…。",1,"0200","","card20",0,0,0,0
201,"201","1,2,3,4,5,6","新品ブラザーズ参上！","3.5話 童貞なヒーロー","世の中の幸せ、全部抹消！新品ブラザーズ参上！…気をつけろ！ただのやばい集団だ！",2,"0201","","card21",0,0,0,0
202,"202","1,2,3,4,5,6","星になった十四松","3.5話 童貞なヒーロー","「目が、目が、まぶしすぎる…」幸せの象徴（バーベキュー）を直視して死亡…。やはり最大の敵はリア充だったのか。",2,"0202","","card21",0,0,0,0
203,"203","4","リア獣イチゲルゲ","3.5話 童貞なヒーロー","あれは…リアルな幸せ者たちを取って食う害獣、リア獣イチゲルゲ！ん？なんか背中にファスナーがあるんだけど…？",4,"0203","","card21",3,2,2,0
204,"204","4","童貞ゴッド","3.5話 童貞なヒーロー","「新品のおそ松や、バーベキューを恐れるのでありません。」なんてすごい神なんだ・・・。少しでも可能性があったら全力でいく一松神！",3,"0204","","card21",6,1,2,0
205,"205","3,5","松野十四松さん！","15話 面接","「顔に尻を近づけないでください。」「はい！」「あ、言えば止めてくれるんですね。」破天荒だけどとっても素直な十四松さん！好印象ですね！",4,"0205","","card21",3,2,2,0
206,"206","5","変顔をやめましょうか！？","15話 面接","必死の変顔で面接に挑む十四松。「変顔はやめましょうか！？」と言われても止めないところは、十四松流のジョークかな？",1,"0206","","card21",0,0,0,0
207,"207","3,5","どっか行かないでください","15話 面接","面接中に心ここにあらずの顔になった十四松。どっかいかないでください！戻ってきてください！モアイ？大仏？",3,"0207","","card21",3,1,2,0
208,"208","3,5","チョロ松面接官","15話 面接","チョロ松面接官の頭を突然噛みだす十四松。「やめて！」と言われても無心で噛み続ける十四松の心はどこにあるのか…いやどこにもない。",2,"0208","","card21",0,0,0,0
209,"209","5","十四松の履歴書","15話 面接","十四松の気になる履歴書。あ、ちょっとまって、自宅警備は学歴・職歴にはあたらないよ！",1,"0209","","card21",0,0,0,0
210,"210","4,5","面接トス役一松","15話 面接","無言で面接会場に入ってくる一松。「誰だ、そいつ！十四松さん！」突然なトスバッティングで自己アピール！これは非常に好印象ですね！",2,"0210","","card21",0,0,0,0
211,"211","2,6","カラ松社長とトド松秘書","15話 面接","「ふっ、彼は天才だ。いますぐ採ろう。」「本当素敵なお方」ってカラ松社長と２人とも話聞いてないの…！？",2,"0211","","card22",0,0,0,0
212,"212","1","おそ松社員","15話 面接","「奴のペースに飲まれるなよ？」「ああ！」自信満々のおそ松社員。しかし本当に十四松をきちんと怒ることができるのだろうか…？",3,"0212","","card22",4,1,2,0
213,"213","1,5","巨大化十四松","15話 面接","「さぁ、十四松さん。面接の続きを始めよ…」突然の巨大化十四松。こんなの一体どうやって怒ればいいんだ！？おそ松面接官もタジタジです！",1,"0213","","card22",0,0,0,0
214,"214","1,2,3,4,5,6","ちゃんと走ってよ！","15話 じょし松さん 2","自分勝手な５人。旅館までのバスがもうすぐ出発するのにちゃんと走ってくれない。これじゃあ、バスに間に合わないよ！",2,"0214","","card22",0,0,0,0
215,"215","6","不機嫌トド子","15話 じょし松さん 2","変な写真ばっかり撮ってることを指摘され、不機嫌になっちゃったトド子。これがきっかけにみんな単独行動に！どうしよう…？",1,"0215","","card22",0,0,0,0
216,"216","12","おでん狂","15話 チビ太の花のいのち","「究極のおでん、それはみんなの心の中にあります。」チビ太はおでんのことを考えすぎて、遂にやばい境地へ！？",1,"0216","","card22",0,0,0,0
217,"217","14","助けた花の恩返し？","15話 チビ太の花のいのち","「チビ太さん私とデートしてくれませんか？」「美人局なんてするもんじゃねー、バーロー。」そんな突然告白されたら誰でもビックリしちゃう。",3,"0217","","card22",4,1,2,0
218,"218","2","嫉妬松","15話 チビ太の花のいのち","チビ太のことを嫉妬するカラ松。「この辺で枯れかけた花はどこですか？」と交番で聞いて逮捕されちゃった…。",4,"0218","","card22",7,2,2,0
219,"219","12,14","おでんよりデート","15話 チビ太の花のいのち","遊園地にデートしにきたチビ太たち。デート中なのに、おでんのことばかり考えてしまうチビ太。そんなんじゃ嫌われちゃうぞ！",2,"0219","","card22",0,0,0,0
220,"220","12,14","がんばれよ、バーロー","15話 チビ太の花のいのち","「いつかできたら、わたしのことも思い出してね。」「な、なんなんだよ。どういうことだよこれ！」突然の別れに戸惑うチビ太…",3,"0220","","card22",4,1,2,0
221,"221","2,14","では、誓いのキスを","15話 チビ太の花のいのち","「カラ松、汝は健やかなる時も…」「誓います！！破ったら死ぬから！！」結婚式には誰も参列してないけど…末永くお幸せに。",3,"0221","","card23",6,1,2,0
222,"222","4","猫カフェでバイト","16話 アバンタイトル","猫カフェでバイトする一松。「え！？そっちだったの！」でも、一松には猫としてのほうが天職かも？",2,"0222","","card23",0,0,0,0
223,"223","1","F6 おそ松！","16話 松野松楠","ラブなローションで世界の濡らすF6おそ松登場！「よし、俺たちでみんなをぐっちょんぐっちょんにしてあげよう！」ローションを取り返せ！",1,"0223","","card23",0,0,0,0
224,"224","2","F6 カラ松！","16話 松野松楠","みんなだってぬるぬるしたいよな、F6カラ松登場！「無限の可能性があるのに。」息を吹きかけて敵を倒す姿はクールすぎる！",1,"0224","","card23",0,0,0,0
225,"225","3","F6 チョロ松！","16話 松野松楠","どぅるっどぅるを取り戻すためにF6チョロ松参上！「いいこだね。」敵をも受け止める度量の広さ。こんな風にされたら惚れちゃうよね。",1,"0225","","card23",0,0,0,0
226,"226","4","F6 一松！","16話 松野松楠","ねっちょねちょを独り占めするなんて許せない！F6一松参上！「わかった。もう好きにしろよ。」降参したかに見せかけて敵を虜にするなんて。",1,"0226","","card23",0,0,0,0
227,"227","5","F6 十四松！","16話 松野松楠","F6十四松参上！「そんなに待ちきれないのかい？子猫ちゃん。」そして華麗にキス。敵にキスしてやっつけちゃうなんて、とっても斬新！",1,"0227","","card23",0,0,0,0
228,"228","6","F6 トド松！","16話 松野松楠","殴ってきた相手の拳の痛みを分かってあげるなんて！F6トド松参上！「あっ…」殴られても、つぶらな瞳で敵を誘惑。さすがあざとい！",1,"0228","","card23",0,0,0,0
229,"229","8,10,12","ローションの正しい使い方","16話 松野松楠","「ワスはまちがっていたダス。」遂にローションの正しい使い方！？に気づいたデカパンたち。これできっと平和な世界が訪れる。",1,"0229","","card23",0,0,0,0
230,"230","1,3","ローションで戯れる２人","16話 松野松楠","「やったな！トド松！」大量のローションで戯れるチョロ松とトド松。本当に楽しそうだ！ぬるぬるねちょねちょ感がすごい。",2,"0230","","card23",0,0,0,0
231,"231","1,2,3,4,5,6","世界を救った６人の救世主","16話 松野松楠","こうして世界は救わ…救われ…たのか？「え？救われましたよね？」みんなの心をぬるぬるにしたF6たち、ありがとうございました！",4,"0231","","card24",7,2,2,0
232,"232","4","カラ…一松？","16話 一松事変","やっぱりカラ松の格好が気になっていたんだ！カラ松の格好した一松、これ案外きまってるよね！？さすがパーフェクトファッション！",3,"0232","","card24",6,1,2,0
233,"233","1,4","本当にカラ松？","16話 一松事変","「普段そう思われたら地獄だけど…」カラ松のフリにとりあえず成功？した一松！このままおそ松を騙し通せるのか！？",1,"0233","","card24",0,0,0,0
234,"234","1,4","ノープランだ！？","16話 一松事変","「いつもとやり方違くない？」正しいノープランのやり方ってあったの？いったいどんなやり方なんだ！根本がイタくないと難しい？",2,"0234","","card24",0,0,0,0
235,"235","2","寝起きカラ松が見たものは…","16話 一松事変","「嘘だろ…嘘だろ！」目を覚ましてしまったカラ松。目の前には自分の格好をした一松が何故か立っていて…。",2,"0235","","card24",0,0,0,0
236,"236","2,4","おたがい大ショック！","16話 一松事変","「えー！？」自分のパーフェクトファッションを何故一松が…とカラ松。バレてしまった…と一松。どっちも驚きますよそりゃ！",1,"0236","","card24",0,0,0,0
237,"237","1,2,4","一…カラ松？","16話 一松事変","「起きただにゃー、まだ眠いにゃー」一松のモノマネが下手なカラ松。でもカラ松の優しさに触れた一松は、カラ松ボーイズに！",3,"0237","","card24",4,1,2,0
238,"238","2,4","お邪魔しました","16話 一松事変","「やめてよ、カラ松兄さん…。」着替え時にバランスを崩した二人。おそ松兄さんに目撃されて絶体絶命！？",4,"0238","","card24",6,2,2,0
239,"239","1,2,3,4,5,6","エフシックスラン","描き下ろし","おそ松さん2クール目オープニング？と思ったらイケメン６つ子の全力疾走だ！イケメン揃いのシックスランならぬ、エフシックスラン！",5,"0239","","card24",7,4,2,0
240,"240","1,2,3,4,5,6,9,10","北へ～兄さんめくれてる！～","描き下ろし","なぜかあめりかを目指している６つ子はなぜか服を失った！？決死のヒッチハイクに挑戦！結果デカパンとダヨーンと同レベルでした。あれれ！？",5,"0240","","card24",6,3,2,0
241,"241","4,5,14","梅雨晴れにかかった虹","描き下ろし","雨上がりに虹を見つけた十四松は「一松兄さん！にじ！にじ！」。それを見て一松もうれしそう！エスパーニャンコはカエルと追っかけっこ。",4,"0241","","card25",3,2,2,0
242,"242","1,2,3,4,5,6,7,8,9,10,11,12","ティザービジュアル…!?","描き下ろし","あれ？みなれた絵だけど…なにかが違うぞ。こんな風に並んでみたら、サブキャラだって主役になれる！？6つ子は服まで奪われて悔しそう！",5,"0242","","card25",-1,1,1,0
243,"243","1,2,3,4,5,6,12","６つ子の海開き パズ松ver","描き下ろし","あの『パズ松さん』でおなじみの水着スタイルで決める６つ子は今年初の海を満喫中！ニートが海を独占中！？１人だけ空を楽しんでますが。",5,"0243","","card25",5,3,2,0
244,"244","3,6","七夕 秘密の願い事","描き下ろし","願いを書いて飾ろうとするチョロ松。「何を書いたの？」トド松に聞かれたけど見られるのは恥ずかしい！そういうあなたは織姫コス！？",4,"0244","","card25",1,2,2,0
245,"245","1,2","全力夏休み！","描き下ろし","遊びに行きたいおそ松は「早く行こうぜ！」とカラ松をせかすけど…キーン頭痛中？キラキラサンダルはイタいけど麦わら帽子はかっこいいかも！",4,"0245","","card25",8,2,2,0
246,"246","5","ラッセーラ！","17話 十四松まつり","「ラッセーラ！ラッセーラ！」というかけ後をあげなら山車燈籠を引いていく十四松たち。すごい大きさの十四松だ！",3,"0246","","card25",3,1,2,0
247,"247","1,2,3,4,6","十四松まつりだー！","17話 十四松まつり","「うわー！十四松まつりだー！」と驚く５人。さらに突然チョロ松以外みんな変身しちゃった。十四まつりってこういうことだったの！？",1,"0247","","card25",0,0,0,0
248,"248","4,6","爆弾処理班はまだか？","17話 十四松と爆弾","「おい、まだか！？何をやっているんだ、爆弾処理班は…！」爆弾処理班を待つ二人。そこに現れたのは・・・",2,"0248","","card25",0,0,0,0
249,"249","5","完全防備十四松","17話 十四松と爆弾","「なんかいたな。」「いましたね。」見てはいけないものがそこにはいた！？「爆弾を処理しに来ました。」って銃で処理！？",1,"0249","","card25",0,0,0,0
250,"250","1,5","我慢できな～～い！","17話 十四松と夜食","「あ～～我慢できな～～い！」。ラーメンを我慢するためにお互いを縛ったら動けなくなった。うん、縄が麺に見えてきた！",1,"0250","","card25",0,0,0,0
251,"251","3,5","BL！？","17話 十四松とコミケ","「なに売ってんの？BL！？」ビックリしたけど、実はベースボールのことだった。同担拒否ならどうして販売していたの！？",2,"0251","","card26",0,0,0,0
252,"252","2,5","ね、間に合ったでしょ？","17話 十四松と移動","「間に合う間に合う～」と言って余裕の十四松。まさかカラ松兄さんを飛ばして乗って移動するとは…。なんかどっかで見たことあるような…",3,"0252","","card26",5,1,2,0
253,"253","1,2,3,4,5,6","とぼけるカラ松","17話 十四松とヒミツ","「なに？2人でパチンコ行った？」とトド松に聞かれトボけるカラ松。でも十四松の頭の中は本当にパチンコ（玉）でいっぱいだった！",1,"0253","","card26",0,0,0,0
254,"254","1,2,3,4,5,6,7,8,9,10,11,12","概念になった十四松","17話 十四松と概念","「な～んだ自我とか自己認識とか存在意義とか。案外ちっちゃくてどうもいいことなんだ」という十四松。とっても哲学ですね…。",1,"0254","","card26",0,0,0,0
255,"255","5,6,7","十四松だよ","17話 十四松と手術","「あ…あなたは…？」というトト子の声とともに颯爽と現れた十四松。プロ野球選手でもない…結局あなたは一体、誰なんですか！？十四松だよ！",1,"0255","","card26",0,0,0,0
256,"256","1,5","おそ松博士と十四松助手","17話 十四松と研究","「これは何の薬ですか？」と尋ねる十四松に「まったくわからん！」と答えるおそ松。そんなヤバい薬を飲んじゃって十四松は大丈夫…？",2,"0256","","card26",0,0,0,0
257,"257","4,5,7","夢のような場所へ","17話 十四松パン","「ねえ、十四松パン、どこに行くの？」トト子が尋ねると、「夢のような場所だよ」と答える十四松パン。しかし連れて行かれた場所は…。",3,"0257","","card26",4,1,2,0
258,"258","5","バッチこ～い！","17話 十四松と薬","「ドーピングしてくれない？」「ホエ～それはいい考えだす」ってちょっとそれはマズイんじゃ…？それにしてもいいケツしてるねぇ！",4,"0258","","card26",-1,1,1,0
259,"259","5","ドーピング成功？","17話 十四松と薬","デカパン博士の謎の薬でドーピングに成功した？十四松。しかしその効果はすぐに切れ、悲しい結果になるのであった…。",1,"0259","","card26",0,0,0,0
260,"260","1,2,3,4,6","いつから十四松？","17話 十四松","「十四松ってさ、いつからあんな感じになったの？」確かめるためにアルバムを見てみる５人。一体いつから十四松は十四松なのか？",1,"0260","","card26",0,0,0,0
261,"261","5","十四松デビュー","17話 十四松","「中1…中2…中3…高1…」ん！？十四松は高1から十四松になったのか？高校で十四松デビューって一体何があったの？",2,"0261","","card27",0,0,0,0
262,"262","5","生まれた時から","17話 十四松","「ねえ待って！これ見て！」というトド松によって衝撃時の事実が！まさか生まれた時から十四松は十四松デビューしていた？",3,"0262","","card27",3,1,2,0
263,"263","1,2,3,4,6","飲みに行こう","17話 十四松","十四松は赤ん坊の頃から十四松だった！？まさかの展開に驚愕する５人…。おそ松兄さんの飲みに行こうに全員一致の「うぃ」で決定！",1,"0263","","card27",0,0,0,0
264,"264","1,2,3,4,5,6","声量注意！","18話 じょし松さん","結婚式に招待され好き勝手に話す、おそ子たち。好き勝手お話しするのはいいけど、声の大きさには注意ねっ！",3,"0264","","card27",1,1,2,0
265,"265","1,2,3,4,5,6","帰るまで待てない！","18話 じょし松さん","「ちょ、チョロ子！家に帰るまでが披露宴だよ！？」とおそ子に言われても引き出物をあけるのをやめないチョロ子。ほら言わんこっちゃない…",1,"0265","","card27",0,0,0,0
266,"266","8","逆襲のイヤミ","18話 逆襲のイヤミ","かつての『おそ松くん』と言えばイヤミが主役だったのに、『おそ松さん』では人気は低迷？出番も激変？イヤミの逆襲がこれから始まる。",1,"0266","","card27",0,0,0,0
267,"267","1,2,3,4,5,6","アイドルはじめました","18話 逆襲のイヤミ","６つ子なのに個性が…そしてアイドルまで。完全に主役の座を奪われたイヤミ。イヤミが主役の座を奪うことはできるのか？",3,"0267","","card27",7,1,2,0
268,"268","14","気になるルール","18話 逆襲のイヤミ","おそ松さん主役争奪レースが始まった。気になるルールは一瞬しか表示されていない！？これじゃ誰も読めないけど…色々と問題なルールです。",1,"0268","","card27",0,0,0,0
269,"269","1","No.1 おそカート","18話 逆襲のイヤミ","「エントリーナンバー1番、松野おそ松、マシンはおそカート、名前的に遅いのかもしれません。」物をぶつけらてるから好感度が低いみたい。",2,"0269","","card27",0,0,0,0
270,"270","2","No.2 カラ松 A GO GO","18話 逆襲のイヤミ","「フッ、主役か…いいだろう引き受けた。俺が主役になったら新アニメ…」と自己紹介するカラ松、今回もスルーされた…。",2,"0270","","card27",0,0,0,0
271,"271","3","No.3 チョロシコスキー","18話 逆襲のイヤミ","「フォッフォッフォッ！超絶可愛いよトト子ぉ～～！」と正気じゃないシコ松。さすが気合いが違いますね。",2,"0271","","card28",0,0,0,0
272,"272","4","No.4 ドテラねこ","18話 逆襲のイヤミ","「いや紹介とかいいよ…主役？ムリムリムリ、人に注目されたくないんだから。」カートの名前が途中で戻っちゃうくらいのやる気のなさ！",2,"0272","","card28",0,0,0,0
273,"273","5","No.5 ザ・ブルペン","18話 逆襲のイヤミ","「一番速いのは僕だよ。」と意気込む十四松。おそらくレースの趣旨を理解していません…。大丈夫でしょうか！？いや、大丈夫じゃない！",2,"0273","","card28",0,0,0,0
274,"274","6","No.6 トッティ ワゴン","18話 逆襲のイヤミ","「ドライブどこ行く？滝、見に行く？僕ね滝見るのが趣味なんだ。」に「初耳です。そういう事は言っといて下さいトッティ。」とツッコミ解説！",2,"0274","","card28",0,0,0,0
275,"275","7","No.7 デビルシャーク","18話 逆襲のイヤミ","「え～っ！？勝ったら主役だって、どうしよう～…」とトト子はいうけど、明らかに殺る気まんまんだよね…これ。",1,"0275","","card28",0,0,0,0
276,"276","12","No.8 赤提灯てやんでい","18話 逆襲のイヤミ","「オイラが優勝だバーロー！！来週からおでんの料理番組にしてやるぜコンチクショー！！」と意気込むけれど、そんな需要は無いと思います。",1,"0276","","card28",0,0,0,0
277,"277","9,10","No.9 ベストフレンド","18話 逆襲のイヤミ","デカパン「ホエー。争い事は苦手ダス。」ダヨーン「楽しくドライブするよ～ん。」争い事が嫌い？な二人はとっても仲良しベストフレンド！",1,"0277","","card28",0,0,0,0
278,"278","11","No.10 スーパーフラッグ","18話 逆襲のイヤミ","「みんな社員になるジョー！！」と金に物を言わせたマシンのハタ坊。ライバルのケツを狙っているって本当！？",1,"0278","","card28",0,0,0,0
279,"279","14","あの人も参加！？","18話 逆襲のイヤミ","お父さんお母さん、アイダ、サッチン、橋本にゃー、実松さんなど実は多くのキャラが参加していた！これは楽しみ！！",3,"0279","","card28",6,1,2,0
280,"280","8","イヤミ・ジ・エンド","18話 逆襲のイヤミ","「ここでこのレースの言い出しっぺ、イヤミの登場です。マシンは陸上対人殺戮戦闘車両イヤミ・ジ・エンド！」これ本当に車なの？",1,"0280","","card28",0,0,0,0
281,"281","9,10","細工しておいただよ～ん","18話 逆襲のイヤミ","レース開始して自爆してしまったイヤミ。デカパンとダヨーンの仕業のようだ。世の中で一番コワイ存在、それは本気を出したオジサンだった！？",2,"0281","","card29",0,0,0,0
282,"282","7","完全に悪魔","18話 逆襲のイヤミ","「げへへ～、人気が欲しいんじゃ～！出番が～っ！主役主役ぅぅぅ～！！」遂にトト子が本性剥き出し！もう誰も止めることはできない！",2,"0282","","card29",0,0,0,0
283,"283","1,2,3,4,5,6","F6沼","18話 逆襲のイヤミ","「ありがとーございま～～す！！」と全力でF6沼に飛び込むトト子。さすがF6、あのトト子ちゃんを魅了するとは。",1,"0283","","card29",0,0,0,0
284,"284","14","安定の老後","18話 逆襲のイヤミ","「ああああ一番欲し～～っ！！」と安定の老後に飛び込むおとうさんとおかあさん。やっぱり息子が全員ニートだと老後が心配だよね。。",1,"0284","","card29",0,0,0,0
285,"285","2,14","スタンスは変えないぜ","18話 逆襲のイヤミ","ボロボロになりながらもカッコつけ続けるカラ松。でも花の精？に抱きつかれて爆発してしまう。早く逃げて！",2,"0285","","card29",0,0,0,0
286,"286","1,8","コイツもクズだった","18話 逆襲のイヤミ","「あとはお前さえ殺れば、俺が主役をキープでしょ？」おそ松の全くぶれないクズっぷりが清々しい！",1,"0286","","card29",0,0,0,0
287,"287","13","家宝が優勝！","18話 逆襲のイヤミ","「なんと！勝ったのは聖澤庄之助！大逆転！来週からの新たな主役に決定です！！」本当に次回から聖澤は主役になるのか！？",2,"0287","","card29",0,0,0,0
288,"288","13","新番組 聖澤庄之助さん","19話 しどう聖澤庄之助さん","聖澤17つ子が主役に！？だったのだが制作サイドの都合で、すぐ打ち切りに…。理由はまさかのネタ切れ。いや、そりゃそうでしょう！",3,"0288","","card29",8,1,2,0
289,"289","1,12","岡っぴきチビ太","19話 時代劇 おそ松さん","聖澤庄之助が倒れているのを見つけたチビ太。でも「てやんでバーローチキショー!」しか言えず、おそ松に伝えることが出来なかった…。",1,"0289","","card29",0,0,0,0
290,"290","2,11","グラサン風来坊","19話 時代劇 おそ松さん","いじめられているハタ坊を助けようとするカラ松。華麗な刀さばきだったが、切ったのは自分とハタ坊だった…。坊主似合ってるね！",2,"0290","","card29",0,0,0,0
291,"291","6,8","ビビり代官トド松","19話 時代劇 おそ松さん","井矢見屋が何を持ってきたのか気にする代官トド松。爆弾じゃないかと疑い続けた結果、やっぱり爆弾だった！！",2,"0291","","card30",0,0,0,0
292,"292","9,10","松尾バショーン","19話 時代劇 おそ松さん","どれも素敵な句なのに、字余りなんだよーん。どうしても「だよーん」を最後につけないと気が済まないのかな！？だよーんだけで4文字だよ！",1,"0292","","card30",0,0,0,0
293,"293","7","くノ一 トト子","19話 時代劇 おそ松さん","「またやってる！シコ松！それ私が水遁の術で使う竹筒でしょ！？返しなさい！」とトト子に怒られるチョロ松。またって…常習犯だ！",3,"0293","","card30",7,1,2,0
294,"294","3","絶対に渡さない！","19話 時代劇 おそ松さん","くノ一のトト子ちゃんから鞭で怒られても決して竹筒を手放さないチョロ松。泣いて抵抗するがトト子ちゃんは決して許してくれないぞ！",4,"0294","","card30",2,2,2,0
295,"295","3,7","忍者シコ松","19話 時代劇 おそ松さん","忍術をトト子ちゃんの私物を盗むことばかりに使っている忍者シコ松。本当にそれでいいのか？ってトト子ちゃんなんでろうそく持っているの…。",2,"0295","","card30",0,0,0,0
296,"296","9,10","デカパン裁き","19話 時代劇 おそ松さん","自称母親たちに「自分が本物だと言うのなら、その子のほっぺを引っ張り合うダス」というが二人とも手を離さないのであった。びろ～ん！",1,"0296","","card30",0,0,0,0
297,"297","3,6","円盤屋敷","19話 時代劇 おそ松さん","大量のDVDを数え続け１枚足りないと叫ぶトド松。そんなに持っているなら、もう１枚くらいよくない？と思うけどその１枚が重要なんだよね！",1,"0297","","card30",0,0,0,0
298,"298","4,5","十四松太子","19話 時代劇 おそ松さん","多くの人間が一斉に話しかけても誰が何を言ったか全て聞き分けることが出来るらしい十四松太子様。でも大勢に話しかけられてかなりご立腹！",2,"0298","","card30",0,0,0,0
299,"299","1,2,3,4,5,6","もう晩年","19話 じょし松さん","「もう年相応にね」なんて言いながらも、イケメンがいると知るや夢中になるおそ子たち。気持ちはまだまだとってもお若いご様子？",2,"0299","","card30",0,0,0,0
300,"300","1,6","だから言わなくていいって！","19話 チョロ松ライジング","チョロ松の「いきなり就活って言っても無理があるから、まずは町に出てフリーハグから始めようかと」発言にショックを受けるおそ松とトド松。",2,"0300","","card30",0,0,0,0
301,"301","1,3,6","小さい自意識","19話 チョロ松ライジング","自意識ライジングしているチョロ松に自分の自意識をみせるおそ松。見た目はしょっぼいけど扱いやすそう！",1,"0301","","card31",0,0,0,0
302,"302","1,3,6","キラキラ自意識","19話 チョロ松ライジング","バイト先で大学生ってウソついちゃうトド松の自意識。キラキラ感がまたあざといね！でも自分で扱えるくらいの大きさだね。",3,"0302","","card31",2,1,2,0
303,"303","4","傷あり自意識","19話 チョロ松ライジング","誰も見ていないことを確認して自意識を埋める一松。自意識を見ているときの顔は悲しそう。どうして埋めてしまったんだろう？",1,"0303","","card31",0,0,0,0
304,"304","2","透き通った自意識","19話 チョロ松ライジング","カラ松の透き通った自意識は綺麗！フリーハグに挑戦するが誰も立ち止まっていないみたい…。",1,"0304","","card31",0,0,0,0
305,"305","5","漂う自意識","19話 チョロ松ライジング","宇宙に浮かぶ十四松の自意識。シャボン玉みたい自意識の中に十四松が座っている。十四松の自意識はやっぱり謎に包まれているね…。",1,"0305","","card31",0,0,0,0
306,"306","1,3,6","自意識ビッグバン","19話 チョロ松ライジング","「そこはダブルクリックで。えぇ右クリックして頂いて…次に左クリック。」とんでもないバケモノになってしまったチョロ松。扱いが難しそう。",4,"0306","","card31",5,2,2,0
307,"307","1","おそ松銭湯シーン当て","スペシャル","司会者のおそ松兄さん！さすが進行がとてもうまいよね！原作のあのとんでもない●●●当てクイズを考えたのもきっと…さすが兄さん！",4,"0307","","card31",8,2,2,0
308,"308","2","カラ松銭湯シーン当て","描き下ろし","マイクスタンド…さらにピンマイク装着とステージごとに司会者がレベルアップする銭湯シーン当てのはじまりだ！お風呂でグラサンは危ないぞ。",4,"0308","","card31",8,2,2,0
309,"309","3","チョロ松銭湯シーン当て","描き下ろし","メガネをかけた真面目チョロ松は●●●当てクイズでは回答者だったけど司会者のほうが向いてそう！これで●●●クイズ出してきたらビックリ…",4,"0309","","card31",8,2,2,0
310,"310","4","一松銭湯シーン当て","描き下ろし","司会者には向いてなさそうな一松だったが…最終的にS気質が爆発！？どんな悪巧みを考えているのか。それにしてもエスパーニャンコこわい…",4,"0310","","card31",8,2,2,0
311,"311","5","十四松銭湯シーン当て","描き下ろし","ハッスルハッスルな十四松が司会者に！？ちゃんと進行できるのかな？ってマイクで遊んでいる…やっぱり最後までまじめには無理でした！",4,"0311","","card32",8,2,2,0
312,"312","6","トド松銭湯シーン当て","描き下ろし","さすがトド松。銭湯でもオシャレだね！でも裸に帽子とネクタイってちょっとレベル高すぎない？これかなり上級者向けのやつだよね？",4,"0312","","card32",8,2,2,0
313,"313","1,2,3,4,5,6","銭湯 のち 風呂上がり","描き下ろし","なかなか見れない銭湯での男6人の風呂上がりのご様子！コーヒー牛乳を飲む、髪を乾かす、などそれぞれ。あれ、一松とカラ松は…！？",5,"0313","","card32",8,4,2,0
314,"314","1,2,3,4,5,6","花火師６つ子","描き下ろし","キメ顔で振り返る６つ子たち！その向こうにはそれぞれの花火が綺麗に打ちあがっているね！それにしてもカラ松はぶれない！さすが！",5,"0314","","card32",7,3,2,0
315,"315","1,2","服を求めて…おそ＆カラ","描き下ろし","ヒッチハイクに失敗したおそ松とカラ松はカートに乗り込み、服屋を求めて走り出した。際どいから、紙が飛ばされないように注意して！",4,"0315","","card32",6,2,2,0
316,"316","3,4","服を求めて…一＆チョロ","描き下ろし","服屋を求めて走り出した一松とチョロ松。一松はコタツがあるから大丈夫そう？チョロ松は･･･これ上からみたら大変なやつ！？早く服屋へ！",4,"0316","","card32",6,2,2,0
317,"317","5,6","服を求めて…トド＆十四","描き下ろし","トド松と十四松も服屋を求めて走り出した！トッティワゴンもザ・ブルペンも裸で乗るには危なすぎる乗り物だ。スピードの出し過ぎは禁物だぞ！",4,"0317","","card32",6,2,2,0
318,"318","1,2,3,13","恐怖のきもだめし","描き下ろし","突然、ヌルっとした何かが頭にあたり怯えるカラ松。チョロ松は抱きつかれて大変！これはおそ松兄さんの仕業で、幽霊なんているわけ…あれ？",4,"0318","","card32",1,2,2,0
319,"319","4,5,6,13","夏祭りで金魚すくい！","描き下ろし","金魚すくいに夢中な十四松。二刀流だけどトド松との息はピッタリで百発百中キャッチ！そんな様子を見て楽しそうに微笑む一松。仲良し３人組！",4,"0319","","card32",5,2,2,0
320,"320","2,6,11","ケバブだジョー！","20話 教えてハタ坊","すごくいい天気に仲良く散歩する一松と十四松はハタ坊のケバブ屋さんを発見！すげーうまいけど、これって何の肉？",4,"0320","","card32",4,2,2,0
321,"321","3,11","ハンバーガーだジョー！","20話 教えてハタ坊","にゃーちゃんと絶対目があったと興奮気味のチョロ松はハタ坊のハンバーガー屋さんを発見！やっぱりすげーうまいけど、何の肉つかってるの？",1,"0321","","card33",0,0,0,0
322,"322","2","いつどこでいくらで買った？","20話 教えてハタ坊","なんで釣り堀にそんな格好してくるんだろうねカラ松兄さんは！「ってか寒くない？」「フッ…凍え死にそうだ…」「馬鹿じゃん！？」",3,"0322","","card33",7,1,2,0
323,"323","2,6,11","焼肉だジョー！","20話 教えてハタ坊","「なんだあれ？」釣り堀になぜかハタ坊のホルモン屋が登場し、例の肉を食べるカラ松＆トド松。うますぎるけど何の肉かはやっぱりわからない。",2,"0323","","card33",0,0,0,0
324,"324","1,11","うまければいいんだジョー！","20話 教えてハタ坊","ステーキ、しゃぶしゃぶ、牛丼、すき焼き、ジンギスカン！？だから…何の肉なの？まじで何の肉だよこれ！おそ松兄さんが泣くほど気になる！",1,"0324","","card33",0,0,0,0
325,"325","1,2,3,4,5,6","儲かればいいんダジョー！","20話 教えてハタ坊","謎の肉で儲かっちゃったハタ坊は大富豪に返り咲いた！のはいいんだけど…何の肉かは友達にも最後までは言えない！何の肉か教えてダジョー！",2,"0325","","card33",0,0,0,0
326,"326","3","モヒカン不良 チョロ松","20話 スクール松","「てめぇ誰のシマででかい顔してやがるんだオルァッ！」って相手はハトポッポ…。「きーてんのかゴルァ！」って相手はハトポッポだってば！",1,"0326","","card33",0,0,0,0
327,"327","6","カチューシャ不良 トド松","20話 スクール松","「なにやってんだよ、ちょーだせぇなぁ！」颯爽と現れたトド松。「よーシコ松！」「先輩だぞゴルァ！」低レベルの戦いがいま始まる。",1,"0327","","card33",0,0,0,0
328,"328","2","自称おしゃれ番長 カラ松","20話 スクール松","「おいてめぇら！うるせぇんだよバカ！」そりこみもパネー番長だけど…「乳首でちゃってるじゃーねーっすか！」まじくそやべぇっす！！",2,"0328","","card33",0,0,0,0
329,"329","1","クズ番長 おそ松","20話 スクール松","「くるぁああああ！くるぁくるぁくるぁあ！」クズはまじめが嫌い！「あんあんあん！こらこらこら！あんあんこらあんこらあんこるぁああ！」",2,"0329","","card33",0,0,0,0
330,"330","1,2","カラ松さんVSおそ松さん","20話 スクール松","靴飛ばし、○×、フーセンガム、そして度胸試し、と壮絶？な対決を繰り広げる2人だったが…最後は友情が芽生える定番の展開なのであった！",3,"0330","","card33",1,1,2,0
331,"331","4","ウラ番の一松様","20話 スクール松","「☆×◇∴♡×□☆ッ！」なに言ってるんだかわからねーっス！さーせんしたって謝るしかないんだけど…なんで怒られてるんでしたっけ？",2,"0331","","card34",0,0,0,0
332,"332","5,6","十四松番長？","20話 スクール松","急に現れた十四松に選ばれたトド松。「はむっ…チュルチュルチュル…はあっ。」なぜか吸われちゃった！",3,"0332","","card34",3,1,2,0
333,"333","7","スケバントト子","20話 スクール松","「あんこりゃぁああああああああ！！さばこらしゃけこらさばこらしゃけこるぁ！」結局一番強いのはトト子ということでしまいだゴルァ。",4,"0333","","card34",4,2,2,0
334,"334","8","イヤミのお笑い学校","20話 イヤミの学校","校長はなんとあの一世を風靡したあの昭和の大スター『出っ歯詐欺師コメディアン』イヤミ先生！「デッパート！」何が面白いんでしょう…？",1,"0334","","card34",0,0,0,0
335,"335","1,2,3,4,5,6,8,12","お笑いやりにきましたー！","20話 イヤミの学校","「お願いしまーす！」かるーい気持ちでお笑いを学びにきた6つ子。この後イヤミのお笑い論によってそれぞれ打ちのめされることになる。",2,"0335","","card34",0,0,0,0
336,"336","2","笑いのルール","20話 イヤミの学校","イヤミ先生のありがたーいお言葉を書き留めたカラ松だったが…アドバイスを無視できるくらいの胆力が必要！？「何を信じればあぁぁぁ！」",1,"0336","","card34",0,0,0,0
337,"337","5,8","でっかくなっちゃった！！","20話 イヤミの学校","下ネタはお客さんが引く！？いや、チビ太にはうけてるぞ！それにしても喜ぶと…ピクピク動くんですね、そのでっかいの。",3,"0337","","card34",2,1,2,0
338,"338","1,2,3,4,5,6,8,9,10","結果を出してない楽屋番長","20話 イヤミの学校","「超絶おもしろい６つ子って紹介してやるよーん！」えらそうなこと言ってる先輩だけど、お笑い業界はおもしろくなければ意味がない！？",2,"0338","","card34",0,0,0,0
339,"339","8","大スターは実践不足！？","20話 イヤミの学校","あれ？イヤミ大先生…なんか緊張してる？なんか声まで違う？「し…しぇ…しぇ…しぇ～。」結論！お笑いは目指すなバーロー！",3,"0339","","card34",5,1,2,0
340,"340","1,2,3,4,5,6,7","やっぱり声優でしょ！","20話 エピローグ","お笑いがダメなら声優だとかるーい気持ちな６人は「色々とプロなめんじゃーねー！」とスケバントト子に殴られた！世の中そんなに甘くない！",2,"0340","","card34",0,0,0,0
341,"341","1,2,3,4,5,6","東1局","21話 麻雀","普段はクソニートな6つ子だが、麻雀のこととなると真剣そのもの！これだけ真剣になれるなら他のことも頑張れば良いのに…",3,"0341","","card35",8,1,2,0
342,"342","1","オーラス知らずのおそ松","21話 麻雀","「おそ松の麻雀ポリシー、それは全ツッパ」守備力が皆無でトビ率100%。おそ松兄さんらしいよね。いさぎよいっ！",1,"0342","","card35",0,0,0,0
343,"343","6","ベタオリの貴公子 トド松","21話 麻雀","トド松の麻雀は一味違う。最速最強をうたう鳴き麻雀。しかし押されたら小便ちびるほどのメンタルのよわさ。長考最高時間40分！長すぎ♪",1,"0343","","card35",0,0,0,0
344,"344","3","オープンリーチ チョロ松","21話 麻雀","守備型の理論はデジタル雀士。現況読みに長け、その場その場の最善手をつくす。なのに待ち目が出てしまうなんて正直すぎる！",1,"0344","","card35",0,0,0,0
345,"345","5","フリテンの暴君 十四松","21話 麻雀","説明不能のオカルトシステム。テンションアップと同時にチョンボ率も大幅UP！とっても惜しい十四松。",1,"0345","","card35",0,0,0,0
346,"346","4","卓がえしの一松","21話 麻雀","早さも打点もまったく読めないブラックボックス麻雀。普通に弱く、普通によく負け、キゲンが悪い。一松は麻雀苦手なのかな！？",1,"0346","","card35",0,0,0,0
347,"347","2","不和了ファンタジスタカラ松","21話 麻雀","倍満すらテンパイとらずの「役満しばり」。毎回ツモられ貧乏…さすが自称手役アーティスト。ダメじゃん。。。",1,"0347","","card35",0,0,0,0
348,"348","1,2,3,4,5,6","てめぇら、覚悟しろっ！","21話 麻雀","「真剣でいこうぜ。たった一牌に血がたぎる、命のやりとりを」おそ松の一言で本気になった6つ子たち。まさかこの後裸になったりしないよな？",4,"0348","","card35",2,2,2,0
349,"349","1,2,3,4,5,6,14","7人布団！？","21話 神松","いつものように兄弟仲良く並んで布団に入るが「ちょっ、なんか今日狭くない？」と何か違和感に気付くおそ松。確かに誰か一人多いような…？",2,"0349","","card35",0,0,0,0
350,"350","14","神松降臨","21話 神松","６つ子の『人としての良い部分』が集まってできた神松。６人分の良いところを集めてやっと一人ってかなりやばいような…！？",4,"0350","","card35",4,2,2,0
351,"351","14","念願の特別VIP席","21話 神松","「はぁ、お金がない。」と落ち込むチョロ松にさらりと橋本にゃーのライブチケットを渡す神松。それも特別VIP席とは…。神松恐るべし！",1,"0351","","card36",0,0,0,0
352,"352","1,2,3,4,5,6","6つ子の危機","21話 神松","チビ太に「あんなすげぇ奴が弟になっちゃったらよ」と言われ、神松に改めて恐怖を覚える6つ子たち。支払いまでスマートだなんて！",2,"0352","","card36",0,0,0,0
353,"353","14","溺愛神松","21話 神松","すでに働き、家にお金まで入れるという神松。両親に溺愛されるのも仕方がないよね。おかあさんは神松を産んだ覚えないらしいけどね！",2,"0353","","card36",0,0,0,0
354,"354","1,2,3,4,5,6","両親を正気に戻したから","21話 神松","「あいつは父さんと母さんを正気に戻した」とトド松が言う通り、神松は6つ子にとって邪魔な存在になってしまった！まさか殺しにかかるとは！",1,"0354","","card36",0,0,0,0
355,"355","1,2,3,4,5,6,7","トト子ちゃんまで…","21話 神松","遂にトト子まで神松に取られてしまった。完全無欠の神松に対抗するすべはあるのか？追い詰められた6つ子の最終手段とは…？",3,"0355","","card36",5,1,2,0
356,"356","14","悪松","21話 神松","追い詰められた6つ子のクソな部分が集結！？その結果、悪松が誕生し神松は…。というか、CMの間に一体何があったの！？",2,"0356","","card36",0,0,0,0
357,"357","1,2,3,4,5,6","マグショット6","描き下ろし","それぞれの罪状で6つ子が捕まった！？マグショットを撮る6つ子たち。チョロ松の自発とはライジング的な意味？それともアレの略なのか！？",5,"0357","","card36",3,4,2,0
358,"358","1,2,3,4,5,6","6つ子のサバゲー","描き下ろし","6つ子が空き地に集合してペイント弾でサバイバルゲーム対決だ！一松はすでにやられちゃったみたい…。チョロ松はさすが慎重だねぇ！",5,"0358","","card36",4,4,2,0
359,"359","1,2,3,4,5,6,7,14","ダンシングマツ","描き下ろし","ステージ占拠！？華麗なダンスステップの6つ子にステージを取られてしまったトト子は激怒！橋本にゃーは呆れ顔。早くトト子から逃げて〜！！",5,"0359","","card36",7,4,2,0
360,"360","1,4,7","うさぎのお月見","描き下ろし","月見をするおそ松と一松。おそ松にとって月のうさぎはトト子ちゃん？なんかちょっと違ううさぎだけど。一松はうさコスに照れ気味。",4,"0360","","card36",8,2,2,0
361,"361","5,6,9,10","寝起きドッキリ！十四＆トド","描き下ろし","部屋の広さの関係上、2人ずつ泊まることになった十四松とトド松。ダヨーン吸い込みドッキリスタートってなんでデカパンスカート履いてるの？",4,"0361","","card37",3,2,2,0
362,"362","3,4,7,14","寝起きドッキリ！チョロ＆一","描き下ろし","部屋の広さの関係上、2人ずつ泊まることになったチョロ松と一松。トト子の大声量で目覚めると、にゃーちゃんが目の前に！最高の寝起き！",4,"0362","","card37",8,2,2,0
363,"363","1,2,8,12","寝起きドッキリ！おそ＆カラ","描き下ろし","部屋の広さの関係上、2人ずつ泊まることになったおそ松とカラ松。なぜか朝イヤミとチビ太に起こされた！まさかこれは寝起きドッキリ！？",4,"0363","","card37",2,2,2,0
364,"364","2,6","イタくない！？トド松コーデ","描き下ろし","衣替えの季節ということでトド松がカラ松の服装をコーディネイト！カラ松の表情を見ると…イタくない服装じゃやっぱり落ち着かない？",4,"0364","","card37",5,2,2,0
365,"365","6,14","あつしくんは？","22話 希望の星、トド松","合コンメンバーはいないか考えを巡らせるトド松。あつしくんは？でも見た目悪くないし車持っているし…一軍連れてきちゃうのは無しだね！",2,"0365","","card37",0,0,0,0
366,"366","6,14","クソ助は？","22話 希望の星、トド松","合コンメンバーとしてクソ助はどうだろう？いやー女の子が引いちゃうかー。って、クソ助は一体どんなキャラなの！？",2,"0366","","card37",0,0,0,0
367,"367","6,14","フツウ丸は？","22話 希望の星、トド松","フツウ丸は合コンメンバーとしてどうだろう？うん、ちょうどいいバランス。でもあんまり話せないのかぁ。合コンメンバー選びは大変だね。。",2,"0367","","card37",0,0,0,0
368,"368","1,2,3,4,5,6","必死のアピール！","22話 希望の星、トド松","20代でステータスがない、気楽に話せる相手？必死に自分たちをアピールする兄さんたち。でも何故かトド松は気づかないから…不思議！？",4,"0368","","card37",1,2,2,0
369,"369","2,5,6","合コンオーディション","22話 希望の星、トド松","「今からオーディションするけど、ちゃんと真面目に」って、ああっ！！全く話を聞かない兄さんたち。そんなんじゃ合コンいけないよ！？",1,"0369","","card37",0,0,0,0
370,"370","6","暗黒大魔界？","22話 希望の星、トド松","「同世代カースト圧倒的最底辺」かつ「暗黒大魔界クソ闇地獄カースト」の住人達よ！今こそ道を切り開く時だ！いつになく真剣なトド松。",1,"0370","","card37",0,0,0,0
371,"371","4,6","俺のペースがあるのに","22話 希望の星、トド松","「だってみんないっぱい言うから…。」と言い訳する一松。でも、ペース乱されてもこれはしないでしょ！？なんでこんなことになってるの！？",1,"0371","","card38",0,0,0,0
372,"372","1,6","触っちゃダメなの？","22話 希望の星、トド松","「え？合コンってこういうのやっていんでしょ？」といきなり急に押し倒すおそ松。合コンにどんなイメージ持ってるの！？",1,"0372","","card38",0,0,0,0
373,"373","2,6","口説いてやろう","22話 希望の星、トド松","「いきつくラストはそう…お会計だろ？（エコー）」とキメ顔のカラ松。全然意味わかんないよ？これカッコつけてるの？？？",1,"0373","","card38",0,0,0,0
374,"374","1,4,5","まだだね！","22話 希望の星、トド松","「十四松兄さんいける？」とトド松に聞かれるも「まだだね」と答える十四松。もういつまでタッティなのさ！？",1,"0374","","card38",0,0,0,0
375,"375","3,6","恋愛ってそういうもんじゃ","22話 希望の星、トド松","「僕は、もっと健全な出会いがしたい」とチョロ松はいうが、合コン相手の女の子写真を見せられると悶えてるじゃない…。",1,"0375","","card38",0,0,0,0
376,"376","3","ライジングしてろ！","22話 希望の星、トド松","「恋愛ってそういうもんじゃない」と言おうとしたチョロ松に、おそ松とトド松がキレちゃった。吊るされちゃってライジングするはめに。。。",1,"0376","","card38",0,0,0,0
377,"377","1,2,3,4,5,6","選べるか！","22話 希望の星、トド松","誰を合コンに連れて行くか真剣に悩むトド松。しかし…どの兄さんも連れて行けるわけがない！！一体どうすれば？それにしてもひどい兄達･･･",1,"0377","","card38",0,0,0,0
378,"378","14","合コンの神様","22話 希望の星、トド松","「トッティとやら。もっと素直になりなさい。」突然現れた合コンの神様。トド松に助言を与えるが、神様一体どこから出てきたのぉ！？",3,"0378","","card38",-1,1,1,0
379,"379","6,14","ひとりぼっちのトド松？","22話 希望の星、トド松","「アツシ君、車買ったんでしょー？」とモテモテのアツシ。何故かトド松の周りは誰も女の子がいないようだけど…！？",2,"0379","","card38",0,0,0,0
380,"380","6,14","何もナシ夫","22話 希望の星、トド松","「あなた、何もナシ夫でしょ？」と言われて「あ…はい」としか答えられないトド松。目が死んでるよ…。せっかくオシャレしてきたのに。。。",2,"0380","","card38",0,0,0,0
381,"381","1,2,3,4,5,6,14","兄弟ゲンカの邪魔するな","22話 ファイナルシェー","「コラおっさん、俺たち６つ子をなめんなよ！」と粋がるチョロ松。この師範代はなんだか強そうだ、気をつけて！！",3,"0381","","card39",5,1,2,0
382,"382","1,2,3,4,5,6","必殺拳「フェー」","22話 ファイナルシェー","師範代のフェー拳によって吹き飛ばされた６つ子たち。師範代の言う通り弱いものいじめになってしまった。お店めちゃくちゃだけど大丈夫？",2,"0382","","card39",0,0,0,0
383,"383","8","大会にでるザンス！","22話 ファイナルシェー","シャオリンが登場した瞬間、目がハートマークになるイヤミ。あんなに大会に出るのを嫌がっていたのに、急にやっぱりでるって…。",3,"0383","","card39",5,1,2,0
384,"384","8,14","シェー拳、修行の日々","22話 ファイナルシェー","シェー拳を極めるべく修行に励むイヤミ。動機は不純だったが、真面目に修行に励んでいるみたい。シャオリンとも仲良くなれたのかな？",1,"0384","","card39",0,0,0,0
385,"385","2,5,6","俺、写真集作ったぜ","22話 ファイナルシェー","イヤミが本当に気持ちののったシェーを出せるように、カラ松は自分の写真集を見せてきた。等身大ポスター付ってヤバすぎるよ…。",4,"0385","","card39",8,2,2,0
386,"386","9","間に合ったヨーン","22話 ファイナルシェー","ピンチな状況で突然現れたダヨーン。その手には巨大なクロッシュが…。ついに『シェー！の練習』の成果が！？",2,"0386","","card39",0,0,0,0
387,"387","8","ファイナルシェー！","22話 ファイナルシェー","ダヨーンが取り出した超巨大なアレをきっかけにイヤミのファイナルシェーが発動！？威力が凄すぎて地球ごと消しちゃった…。（劇終）",3,"0387","","card39",5,1,2,0
388,"388","1,2,3,4,6","なんで今日も俺なの！？","23話 灯油","灯油が切れそう！あたりをみまわしソワソワしはじめた6つ子たち。なぜかものすごい視線を感じるカラ松。ってか昨日も一昨日も行ったのにね！",3,"0388","","card39",1,1,2,0
389,"389","2,6","圧力かけてお湯かけて","23話 灯油","圧力をかけても行動に移さないカラ松にトド松が制裁。「ブラザー！そんなことをしても今日は一歩も引かんぞ！」今日のカラ松の意思は固い！",1,"0389","","card39",0,0,0,0
390,"390","1,5","寝たフリにはこれ！","23話 灯油","十四松の後を追い寝たフリをはじめた一松におそ松が制裁。「そーはいかないよぉいちまつぅ！」って兄さんやりすぎ！死んじゃうってば！",2,"0390","","card39",0,0,0,0
391,"391","1,6","最後は暴力に物言わす兄達","23話 灯油","トド松のスパンの長いあざとい罠にかかり、おしっこにいきたくなっちゃったおそ松。だったのだが…そんな末弟をみんなで暴力で殺しにかかる！",2,"0391","","card40",0,0,0,0
392,"392","1,2,3,4,6","そんなのありえない～！","23話 灯油","今の今まで十四松は寝たフリをしていた！？あいつに限ってそんなあくどいこと…って確認したら目見開きのギラギラですがなにか？",4,"0392","","card40",7,2,2,0
393,"393","5","なんで俺を指名したの！？","23話 灯油","灯油をいれにいった？と思ったら、暖かいスープを1人で飲む十四松。そしてチョロ松を指名…十四松の恐ろしさが垣間見えたのだった。",1,"0393","","card40",0,0,0,0
394,"394","3","灯油よりお酒","23話 ダヨーン族","指名されたチョロ松は灯油を買いに出かけたが赤塚酒場の明かりにひかれ…。帰って来ないチョロ松の様子をみにきたおそ松とカラ松も合流！",3,"0394","","card40",4,1,2,0
395,"395","1,2,3","全部ダヨーンの世界…","23話 ダヨーン族","居酒屋で飲んでいたはずの3人が起きるとそこは異空間！？全部ダヨーンのとんでもない世界だった！わけもわからず追いかけられ…",2,"0395","","card40",0,0,0,0
396,"396","4,5,6","そこはダヨーンの体の中…","23話 ダヨーン族","戻ってこない兄達に痺れを切らした一松＆十四松＆トド松は様子を見に外へ。そして酔ったダヨーンに吸い込まれて体の中のダヨーン族の世界へ。",1,"0396","","card40",0,0,0,0
397,"397","3,14","チョロ松！？","23話 ダヨーン族","「チョロシコスキー！何なじんでんの！？結婚！？どういうこと！？」それにしてもこの横顔でよくすぐにチョロ松ってわかったね。",1,"0397","","card40",0,0,0,0
398,"398","1,2,6","おまえらも！？","23話 ダヨーン族","「この国のやつらはみんないいやつだよーん！」「警戒するなよーん！」語尾によーんつけると腹立つってダヨーンを完全否定してます！",2,"0398","","card40",0,0,0,0
399,"399","1,2,3","顔がだんだんのびてくる","23話 ダヨーン族","「俺達ずっとここで暮らすって決めたんだよーん！」顔も生活も完全にダヨーン族になじんだ3人。そりゃ馬鹿って言いたくもなりますよ！",1,"0399","","card40",0,0,0,0
400,"400","4,5,14","あれぇ？この感触って…","23話 ダヨーン族","このほっぺたの触り心地は…「確かに…あれ？あれれぇ？」一松が十四松をはねのけて触りたくなるのもわかるけどこれってセクハラだよね！",3,"0400","","card40",2,1,2,0
401,"401","2,4","のびーーーる！","23話 ダヨーン族","「いや、そこはのびないから！あああああ！？」ダヨーン族はどこでものびると思ってた？いや、明らかに狙ってやってるよね…さすが一松。",1,"0401","","card41",0,0,0,0
402,"402","1,2,3","なにこれ…？","23話 ダヨーン族","急に帰るように言われた3人だったけど…「帰りたくないんだよーん！」ダヨーン族も別れを惜しむ感動のラストシーン…なのかこれ？",2,"0402","","card41",0,0,0,0
403,"403","1,2,3,4,5,6","ダヨーン族との別れ","23話 ダヨーン族","ダヨーン族と別れた6人は『肛門こちら』の看板のほうへ…。結局のところダヨーンって何者なんでしょうか？謎は深まるばかり。",4,"0403","","card41",3,2,2,0
404,"404","1","自撮りおそ松","描き下ろし","賞金が出ると噂の自撮りコンテストがあるらしい。おそ松は兄弟に内緒でこっそり自撮りを撮ったみたい！？いつもの明るく元気なスマイル！",4,"0404","","card41",1,2,2,0
405,"405","2","自撮りカラ松","描き下ろし","自撮りコンテスト？セルフィなら俺に任せておけ！ということで、自信満々に自撮りするカラ松。そのポーズ、かなり痛いよ…。",4,"0405","","card41",2,2,2,0
406,"406","3","自撮りチョロ松","描き下ろし","にゃーちゃんグッズを買うために仕方なく自撮りコンテストに応募するチョロ松。こんな感じいいのかな？とちょっと照れ顔！？",4,"0406","","card41",3,2,2,0
407,"407","4","自撮り一松","描き下ろし","元気いっぱいのエスパーニャンコと一緒に自撮りする一松。笑顔がとっても優しそう。何気に楽しんでるっぽい…？",4,"0407","","card41",5,2,2,0
408,"408","5","自撮り十四松","描き下ろし","自撮り！？簡単だよ、こうすれば優勝でしょ？とパチリ。ちょっと笑わせようとしている？自撮りコンテストの趣旨を誤解している！？",4,"0408","","card41",4,2,2,0
409,"409","6","自撮りトド松","描き下ろし","賞金がもらえるなら兄さんたちに秘密で応募しようと、自撮りコンテスト用の写真を撮るトド松。さすがの女子力。ポーズもバッチリ！？",4,"0409","","card41",6,2,2,0
410,"410","1,2,3,4,5,6","仲良しニート兄弟！","描き下ろし","ゲームセンターに遊びに来た６つ子たち。プリントシールを撮ってみようということで撮影したが…。もうみんな好き勝手に落書きしすぎ！！",5,"0410","","card41",8,3,2,0
411,"411","3,4","秋に色づく紅葉狩り","描き下ろし","紅葉の季節となり、紅葉狩りに出かけたチョロ松と十四松。鮮やかな景色に十四松は大の字。落ちてくる紅葉は掴みたくなるよね？",4,"0411","","card42",7,2,2,0
412,"412","1,2,3,4,5,6","魔女松ハロウィンナイト","描き下ろし","女子松さんたちが魔女になった！？ハロウィンパーティーで全員集合！なんだかんだ仲良しな6人の騒がしい夜がはじまる！",5,"0412","","card42",4,3,2,0
413,"413","1,2,3,4,5,6","トリックオアトリート★Ｆ６","描き下ろし","ハロウィン仮装エフシックス。イケメンたちのトリックオアトリートには、みんなメロメロ？それにしてもどこかでみたことあるような･･･？",5,"0413","","card42",6,3,2,0
414,"414","1,2,3,4,5,6,14","夢の狂演？シックスラン","描き下ろし","2クール目オープニング？と思ったらＦ６と実松さんの全力疾走だ！まさかの競演にみんなビックリ！？ってか追いかけられたら怖いです。",5,"0414","","card42",7,3,2,0
415,"415","1,2,3,4,5,6,7","これが恐怖のむつごおとし","描き下ろし","ついにトト子がイヤミの代わりにハンマーを担当することに。積み木の最上の６つ子は恐怖で顔が歪む！？なんてったって100トンだもんね…",5,"0415","","card42",1,3,2,0
416,"416","7,14","私はアイドル","24話 トト子大あわて","「みてのとおりチョーゼツかわいいの！チヤホヤされるのだ～いすき！」あいかわらずものすごい自信のトト子。庶民とは違うはずだったが…",1,"0416","","card42",0,0,0,0
417,"417","7","あれ？わたし何を？","24話 トト子大あわて","素人さんと言われ、無意識のうちに冷凍マグロをサンドバック代わりにビシバシ！本物のスターとのレベルの差はどうにもならない！？",2,"0417","","card42",0,0,0,0
418,"418","7,14","アイドル引退…そして玉の輿","24話 トト子大あわて","地下アイドルを引退し、今ネット事業でかなり儲かっている者と結婚するというにゃーちゃん。それを聞いたトト子はマグロサンドバック再び…",3,"0418","","card42",2,1,2,0
419,"419","7,14","下を見ても…負けてます。","24話 トト子大あわて","ブス美をはじめ家庭を持って幸せになっている同級生たちを見たトト子はみたびサンドバック！連打！からのキック！！冷凍マグロ粉砕！！！",1,"0419","","card42",0,0,0,0
420,"420","1,2,3,4,5,6,7,14","それで喜んでるってヤバイ","24話 トト子大あわて","嫉妬について悩むトト子。いつも褒めてくれるまわりの信者をみかえすと…「あれ？あれぇ？もしかして私のまわりってロクなのがいない！？」",2,"0420","","card42",0,0,0,0
421,"421","7","トト子の理想＝石油王？","24話 トト子大あわて","優しくてかっこよくて面白くて背が高くてスポーツマンで頭が良くて浮気しないでマメでオシャレで清潔感があって価値観が一緒で…（以下略",1,"0421","","card43",0,0,0,0
422,"422","1,2,3,4,5,6","コンカツー！？","24話 トト子大あわて","「おいっ、みんなっ！トト子ちゃんがっ！！トト子ちゃんが婚活してるよっ！！」まさかのおそ松の発言に５人そろってつま先直立！",3,"0422","","card43",5,1,2,0
423,"423","1,2,3,4,6","石油王にオレはなるっ！","24話 トト子大あわて","トト子に見合う男になるために…６人は石油を求め旅立った。。それにしてもニート６つ子はほんと単純だねぇ！",4,"0423","","card43",8,2,2,0
424,"424","7,14","石油王デス！","24話 トト子大あわて","婚活パーティーでついに石油王とめぐり会えたトト子！「あきらめんでほんま良かったでしかし！」って石油飲まされてる！？死んじゃうでしょ！",4,"0424","","card43",6,2,2,0
425,"425","7,14","さ、さかなクサーイ！","24話 トト子大あわて","キス直前…キミ魚くさすぎ！「はぁ！？そっちだって石油くせーじゃねーか！魚バカにすんじゃねー！」こうして石油王作戦はいつまにか失敗！",1,"0425","","card43",0,0,0,0
426,"426","1,2,3,4,5,6","返事がない…ただの屍松だ","24話 トト子大あわて","なぜかシンガポールに語学留学にいくトト子は飛行機に。その下で6つ子は白骨化。こちらも石油王作戦はいつのまにか失敗！というか人生失敗！",2,"0426","","card43",0,0,0,0
427,"427","1,2,3,4,5,6,14","就職おめで盗塁王！","24話 手紙","「よく走ったね！」と祝う十四松は言ってるけど、これチョロ松の就職祝い！まさかこの日が来てしまうなんて。そんな中おそ松の様子が…",2,"0427","","card43",0,0,0,0
428,"428","2,3,6","これが欲しかったんだろ？","24話 手紙","「うわ、全然痛くない！別ベクトルでは痛いけど！」カラ松のプレゼントが意外と普通？かと思ったら、やっぱりあったカラ松クソグッズ！",1,"0428","","card43",0,0,0,0
429,"429","1,2,3,4,5,6,14","こんなに持っていけないよ！","24話 手紙","「いやー、家が片付いたな」って、就職プレゼントのふりをしたゴミ処理！？でもみんな楽しそう。みんなチョロ松のこと大好きなんだ。",4,"0429","","card43",4,2,2,0
430,"430","1,5","ご、ごめん・・・。","24話 手紙","「痛っていってんだろうがー！」と激怒するとおそ松。弟が就職で家を出て行くってやっぱり長男としては複雑な気持ちなのかな！？",1,"0430","","card43",0,0,0,0
431,"431","1,2,6","次男の役目","24話 手紙","十四松を蹴ったおそ松を拳で制したカラ松。兄弟のことを思って行動するカラ松を見て、それぞれ思うところが他の兄弟たち。",1,"0431","","card44",0,0,0,0
432,"432","3","元気でね","24話 手紙","チョロ松の旅立ちにそれぞれ挨拶をする兄弟たち。でもおそ松だけ見送りに参加していない。車の中で泣き出すチョロ松…。",2,"0432","","card44",0,0,0,0
433,"433","6","まずは1人暮らし…","24話 手紙","トド松も松野家を出ることを決意。「僕たちは多分一緒にいない方がいいんだよ」と決意したトド松を見送る家族。その目のアザは…。",2,"0433","","card44",0,0,0,0
434,"434","2","変わりたいんだ！","24話 手紙","居候をさせて欲しいとチビ太に頼み込むカラ松。「このままじゃ…俺はダメになる！」というセリフから真剣さが伝わって来る。",2,"0434","","card44",0,0,0,0
435,"435","5","バイト決まった！","24話 手紙","バイト決まったという十四松に「お前は家宝だっぺ〜」と喜ぶ両親。一人暮らしの部屋はデカパン博士が貸してくれるらしい。",2,"0435","","card44",0,0,0,0
436,"436","1","無関心？","24話 手紙","次々を実家を出て行く兄弟たち。しかしおそ松はそれを見送るでもなく一人横になっていた。おそ松は一体どんな気持ちなんだろう…？",2,"0436","","card44",0,0,0,0
437,"437","3","信じようって…","24話 手紙","「就職が決まった時、一番に頭に浮かんだのがみんなの顔だった」とチョロ松。でも、みんなを信じようと思い、前に進み出したんだ。",1,"0437","","card44",0,0,0,0
438,"438","6","一目見たくて","24話 手紙","家をでて一人暮らしを始めたはずのトド松。電信柱の影から実家の様子を伺い、おかあさんの姿を見かけると泣きながら走り出してしまった。",1,"0438","","card44",0,0,0,0
439,"439","2","カラ松の履歴書","24話 手紙","履歴書を出して、土下座するカラ松。本当に心から変わりたいと思って行動しているのかもしれない。早く仕事が見つかるといいのに…。",1,"0439","","card44",0,0,0,0
440,"440","5,14","不安の中に見知った顔","24話 手紙","工場のようなところで説明を受ける十四松。少し不安そうな顔をしながら周りをキョロキョロ。すると近くにハタ坊がいた。少し安心できたかも。",1,"0440","","card44",0,0,0,0
441,"441","1,4","これでいいんだよ…多分","24話 手紙","「俺ももう家を出るから。」おそ松にそう伝えて部屋を出て行く一松。猫たちにたくさんご飯をあげて「じゃあな」と立ち去る姿が…。",2,"0441","","card45",0,0,0,0
442,"442","7","トト子も何かを感じとる","24話 手紙","アイドルも留学もやめてしまったトト子。「デートしない？」とおそ松に声をかけるが、おそ松はその返事をせずに立ち去ってしまう…",1,"0442","","card45",0,0,0,0
443,"443","1,14","一人の食事","24話 手紙","いつもは兄弟たちと食べていたけれど、みんな家を出て言ってしまった。ひとりでご飯をたべるおそ松。その背中姿が少し寂しげ…。",1,"0443","","card45",0,0,0,0
444,"444","6","同じ月を見上げる トド松","24話 手紙","夜にスマホを布団の中で一人見つめるトド松。涙目になっていて何を考えているのかな…？窓から差し込む光に気づき月を見上げる。",3,"0444","","card45",2,1,2,0
445,"445","2","同じ月を見上げる カラ松","24話 手紙","履歴書を何度も書き直すカラ松。なかなか納得いくのものがかけないみたい…。真剣な表情で打ち込むが、ふと月の光に気づいて月を見上げる。",3,"0445","","card45",8,1,2,0
446,"446","5","同じ月を見上げる 十四松","24話 手紙","腕に包帯を巻いて帰って来た十四松。驚いで心配そうに駆け寄るデカパン博士。そして月を見上げるシーンへ。",3,"0446","","card45",3,1,2,0
447,"447","4","同じ月を見上げる 一松","24話 手紙","お腹を押さえながらフラフラ歩く一松。倒れそうになるところを通りかかったカップルに助けられた。カップルが去った後、一松は月を見上げる。",3,"0447","","card45",1,1,2,0
448,"448","3","同じ月を見上げる チョロ松","24話 手紙","ずっと出せなかった手紙をポストに投函しようとするチョロ松。月の光が気になり、月を見上げる。",3,"0448","","card45",6,1,2,0
449,"449","1","同じ月を見上げる おそ松","24話 手紙","屋根に登って月を見上げるおそ松。どんなことを思っているのかな…、部屋に戻ると、おかあさんから手紙を渡され…。続く！！",4,"0449","","card45",5,1,2,0
450,"450","1,7","おそ殿松","描き下ろし","おそ松がお殿様になっちゃった！？「いいじゃんか、いいじゃんか！」楽しそうに腰元トト子を帯回ししているけど、この後ぶちぎれられた！",4,"0450","","card45",7,2,2,0
451,"451","2,8","カラ殿松","描き下ろし","壁中に自分を描かせてしまうカラ殿松。「これぞ難攻不落のカラ松キャッソゥ！」あまりのイタさに家臣のイヤミも思わずシェー！",4,"0451","","card46",2,2,2,0
452,"452","3,14","チョロ殿松","描き下ろし","にゃー姫にデレデレのチョロ殿松。「にゃー姫、ちょーぜつかわいいよ！」でも表情を見るに、これは間違いなく褒美目当てなんだけど…",4,"0452","","card46",3,2,2,0
453,"453","4,14","一殿松","描き下ろし","一殿松は猫が好きすぎてついにお殿様にしてしまった！？「みんな猫を大事にしてね…」そんなことから後世では『お猫様』と呼ばれたそうな。",4,"0453","","card46",5,2,2,0
454,"454","5,9,10","十四殿松","描き下ろし","「だいじょーぶだよーんろくーんさんのゲッツゥ！」楽しそうにはしゃぐ十四殿松。バカっぽいステップにデカパンは困り顔！？ダヨーンは…。",4,"0454","","card46",4,2,2,0
455,"455","6,11,14","トド殿松","描き下ろし","殿なのに姫っぽい？あざとさで有名なトド殿は家臣ハタ坊を利用して万全の体制を整える。「これでいつ攻められてもだいじょぶだよねっ♪」",4,"0455","","card46",6,2,2,0
456,"456","1,2,3,4,5,6,7","カジノde大富豪","描き下ろし","カジノで大勝ちでニートどころか大富豪！？トト子を連れて豪遊しにお出かけだ！みんな大はしゃぎ！…実はおそ松の夢という悲しい現実。",5,"0456","","card46",-1,2,1,0
457,"457","1,3","読書の秋はじめました！","描き下ろし","読書の秋！ということでガラにもなく難しそうな本を読み始めたおそ松。チョロ松は理解しているのかおそ松兄さんに教えてるぞ？",4,"0457","","card46",2,2,2,0
458,"458","1,2,3,4,5,6","風呂上がり のち その後","描き下ろし","パンツを見つけて安心しているカラ松。何も無かったかのような一松。十四松の笑顔がほほえましい！チョロ松はおそ松兄さんに近づけた？",5,"0458","","card46",8,3,2,0
459,"459","2,4","ソムリエごっこ？","描き下ろし","ボジョレー解禁な季節にカラ松が選んだワインをテイスティングする一松。だけど注いでいるのは…クソワイン！？飲んでも大丈夫か不安な一松…",4,"0459","","card46",5,2,2,0
460,"460","1,2,3,4,5,6,7,8,9,10,11,12,13","ハッスルできない川登り！？","描き下ろし","川を全力で泳いでいた十四松を聖澤庄之助が追い越した？謎の水上浮遊でどんどん進んで行く聖澤。さすがの十四松でもこれにはまいった顔！！",5,"0460","","card46",3,3,2,0
461,"461","3","手紙自然発火","25話 おそまつさんでした","おそ松が部屋に戻ると、おかあさんから手紙を渡され…。ってその手紙はチョロ松が出しやつじゃなかったの！？中身が気になります…",1,"0461","","card47",0,0,0,0
462,"462","1,14","松野家センバツ出場","25話 おそまつさんでした","「うそだろ…俺達があのセンバツに…えらばれちゃったー！」チョロ松からの手紙と思われてたのはあの！あの！！センバツ出場の便りだった！",2,"0462","","card47",0,0,0,0
463,"463","1,6","トドシコ","25話 おそまつさんでした","「おーいみんなー大変ー！」おそ松は兄弟にセンバツに選ばれたことを伝えるために走る！まずはトド松…って最中ですか？",3,"0463","","card47",2,1,2,0
464,"464","1,2","カラシコ","25話 おそまつさんでした","続いておとずれたのはカラ松のところ。「すぐに帰って来い！試合に備えないと！」「マジか！」…ってそこチビ太の部屋ですよね？？",3,"0464","","card47",6,1,2,0
465,"465","1,5","十四シコ","25話 おそまつさんでした","次は十四松のところ。「自立とか就職とか、んなわがまま言ってる場合じゃない！」「たしかに！」えっと…仕事はどうしました！？",3,"0465","","card47",3,1,2,0
466,"466","1,4","一シコ","25話 おそまつさんでした","そして一松のところ。「だってセンバツだよ！」「おお！」えっと…とうとう野外でですか！？",3,"0466","","card47",4,1,2,0
467,"467","1,3","シコ本家","25話 おそまつさんでした","最後はチョロ松のところ。「今こそみんなの力を合わせるんだ！」「そうだね！」えっと…仕事中じゃないんですか！？",3,"0467","","card47",5,1,2,0
468,"468","1,2,3,4,5,6","いったいなんの選抜？","25話 おそまつさんでした","センバツ組み合わせ会場でドキドキして待つ６つ子たち。なんのセンバツなのかは謎のまま。４文字なんだろうけど…。けつ毛もえるね！",4,"0468","","card47",1,2,2,0
469,"469","1,2,3,4,5,6","第88回センバツ大会開始！","25話 おそまつさんでした","こーしえん！…の奥にあるグラウンドでセンバツ開始！武装してるし、選手宣誓はわけわかんねーし、射殺されちゃうし。なんなのこの大会！？",1,"0469","","card47",0,0,0,0
470,"470","1,2,3,4,5,6,14","まもなくプレイボール！","25話 おそまつさんでした","開幕四日目の第三試合でついに松野家の登場だ！相手はムサシ鉄工所！なかなか年季の入った競合の予感…。",1,"0470","","card47",0,0,0,0
471,"471","1","優勝しようぜ！！","25話 おそまつさんでした","おそ松にいさん…かっこいいこといってるようだけど「このセンバツに優勝すればなんかチャラになると思うんだ！」そりゃみんなノらないよ！",2,"0471","","card48",0,0,0,0
472,"472","4","なかったよ、こんなの！","25話 おそまつさんでした","初球を投げるおそ松が思い起こした思い出たちはどれも偽りの思い出ばかり？もとは良いシーンだったのに…なかったよこんなの！早く投げて！",2,"0472","","card48",0,0,0,0
473,"473","1,7","何やってだ、こらぁ〜！","25話 おそまつさんでした","ストレートのフォアボールなおそ松にみんなの我慢はもう限界！？みんなにボコボコにされてしまった。トト子もマジギレマジデンマ！",1,"0473","","card48",0,0,0,0
474,"474","4,5","よしよしよしよし〜","25話 おそまつさんでした","うれしすぎて野球マンと化してしまった十四松を一松が「よしよしよしよし〜」となだめる。トド松も「なんなのこれ！？」と困惑気味。",2,"0474","","card48",0,0,0,0
475,"475","2,3","ブラザー内角攻めだ！","25話 おそまつさんでした","サインの確認を事前にしたのに聞いてないサインを出してくるカラ松。「いや、なんのサインだよ、これ！』とチョロ松もツッコミいれちゃうね。",2,"0475","","card48",0,0,0,0
476,"476","1,2,6","まともなの僕しかいない","25話 おそまつさんでした","野次ばかり飛ばす兄さんたちに「まとものなの僕しかいない」と思うトド松。ピッチャーとして投球するが投げ方が完全に女子になってるぞ。",1,"0476","","card48",0,0,0,0
477,"477","7,8,11,12,14","みんなで応援！","25話 おそまつさんでした","応援席にはみんなの姿が！今回ばかりはイヤミもガチ応援！？まさかの橋本にゃーちゃんまで！デカパンは何でも着こなすマルチなおじさん！",3,"0477","","card48",7,1,2,0
478,"478","5","463の「ふんぬっ！」","25話 おそまつさんでした","野球のルールを知らない？十四松。ゲッツーのはずが463のホームランで敵に得点を与えてしまう。でも無邪気に喜ぶのを見ると憎めないよね！",2,"0478","","card48",0,0,0,0
479,"479","2,4","ピッチャーカラ松","25話 おそまつさんでした","ピッチャーとして登板したカラ松。カラ松のせいで圧倒的得点差をつけられた。それなのに平然とするカラ松に一松の怒りの目潰しが炸裂だ。",2,"0479","","card48",0,0,0,0
480,"480","1,2,3,4,5,6,7,8,11,12","一年後","25話 おそまつさんでした","「みんな自分たちの力を信じよう」と鼓舞するおそ松。かくかくしかじかあって、ものすごく強くなって帰ってきたおそ松たち。一体何が！？",4,"0480","","card48",7,2,2,0
481,"481","1,2,3,4,5,6,7,8,11,12","こうして俺たちは","25話 おそまつさんでした","工夫を凝らして戦うことで選抜の決勝まで勝ち残ったおそ松たち。でも試合でやっていることは極悪非道の限りだよ…。",2,"0481","","card49",0,0,0,0
482,"482","1,2,3,4,5,6,7,8,9,10,11,12,14","コーチ松…","25話 おそまつさんでした","「俺があんなことをしなければ…」と号泣する一松。コーチ松のおかげでここまで強くなれたようだけど、墓石蹴り壊しちゃって大丈夫なの！？",2,"0482","","card49",0,0,0,0
483,"483","9,10","もしかして遂に！？","25話 おそまつさんでした","「あふれだすと妬みと性欲で手に入れたこの力で」「皆殺しだよーん」と登場したデカパンとダヨーン。しかし即敵に撃ち落とされてしまった…。",2,"0483","","card49",0,0,0,0
484,"484","1,2,3","はぁ…","25話 おそまつさんでした","すぐ逃げてしまう6つ子に檄を飛ばすトト子。どうやらこの試合に勝つとトト子と何かできる権利がもらえるみたい？",1,"0484","","card49",0,0,0,0
485,"485","4,5,6","あぁ…","25話 おそまつさんでした","トト子の何かができる権利を貰えると聞いてフリーズした6つ子たち。いつもは逃げてばかりだけど遂に立ち向かう時が来たのかな？",1,"0485","","card49",0,0,0,0
486,"486","1,2,3,4,5,6","6つ子が1つに。","25話 おそまつさんでした","「俺たち6人の力が1つになれば…」と全力で力を合わせて挑む6つ子たち。6人の力が揃えばなんとかなると思ったが…なんともならなかった。",4,"0486","","card49",1,2,2,0
487,"487","14","無理なものは無理！？","25話 おそまつさんでした","全力を尽くすも「無理なものは無理ぃ」と吹き飛ばされてしまった6つ子たち。第4銀河大附属高校に完全に負けてしまった。ゲームセットだ。",1,"0487","","card49",0,0,0,0
488,"488","7","トト子の切腹","25話 おそまつさんでした","6つ子たちに最後の望みをかけたトト子であったが、6つ子たちは敗北してしまう。おもむろに切腹をし始めるトト子。全ては終わってしまった。",1,"0488","","card49",0,0,0,0
489,"489","1,2,3,4,5,6","おわり","25話 おそまつさんでした","第4銀河大附属高校の校歌が流れる中、宇宙を漂い「おわり」の文字になってしまう6つ子たちであった…。",3,"0489","","card49",-1,1,1,0
490,"490","14","エンドカード","25話 おそまつさんでした","6つ子たちよりも極悪非道の限りを尽くし、ファイルステージに駒を進めた第4銀河大附属高校の宇宙人。結局これは何のセンバツだったの！？",1,"0490","","card49",0,0,0,0
491,"491","1","滝行！？おそ松","描き下ろし","悔い改めニート脱却のために滝行に勤しむおそ松。「こ、こんなの余裕だぜ！」修行中なのにピースって悔い改める気なんか毛頭ない！？",4,"0491","","card50",1,2,2,0
492,"492","2","滝行！？カラ松","描き下ろし","両手を広げ「大地の息吹を感じるぜ」とかっこつけるカラ松。何のために滝行に来たのか…イタいのは何をしてもなおらない！？",4,"0492","","card50",6,2,2,0
493,"493","3","滝行！？チョロ松","描き下ろし","杖をつき号泣するチョロ松。滝の強さに耐えきれなかったのか…高いはずの自意識はすぐに流されてしまった！？",4,"0493","","card50",5,2,2,0
494,"494","4","滝行！？一松","描き下ろし","悔い改めるの修行じゃなかったの！？何故かエスパーニャンコを守るために身をていする一松。横の岩に飛び乗ればいいんじゃ…？",4,"0494","","card50",4,2,2,0
495,"495","5","滝行！？十四松","描き下ろし","絶対趣旨理解していない…。元気いっぱいシェー！を滝下でおこなう十四松。悔い改めに来たんだよ…？楽しそうだね！",4,"0495","","card50",3,2,2,0
496,"496","6","滝行！？トド松","描き下ろし","ニート脱却のために滝行に励むトド松。手鏡で滝下でもオシャレ心を忘れない。そんなトド松のあざとさは滝なんかじゃ悔い改められない！？",4,"0496","","card50",2,2,2,0
497,"497","1,2,3,4,5,6","松撰組","描き下ろし","幕末の時代に活躍した6つ子たち？かっこよく決まってるけど…実際は特に剣の腕がたっているわけでもない見掛け倒しの集まりだった！？",5,"0497","","card50",8,3,2,0
498,"498","5,6","スキー＆スノボで大はしゃぎ","描き下ろし","スキー場に遊びに来た十四松とトド松。リフトにのって二人とも大はしゃぎ。絶好のスキー日和！リフトの上でそんなにはしゃいだら危ないよ！",4,"0498","","card50",4,2,2,0
499,"499","1,2,3,4,5,6","自由なニート兄弟＠プリ","描き下ろし","プリントシールはもう１枚あった！？今回も仲良しなんだけど、6つ子の落書きはフリーダム！ちょっと自由すぎない？",5,"0499","","card50",6,3,2,0
500,"500","1,2,3,4,5,6","6つ子のメリークリスマス","描き下ろし","今日はクリスマス。ツリーにかけられた靴下から6つ子がサンタになって登場！？それぞれ思い思いに選んだものをプレゼント♪メリークリスマス",5,"0500","","card50",1,3,2,0
501,"501","1,2,3,4,5,6","大掃除バトル！","描き下ろし","大晦日に慌てて大掃除を始めたけれど、6つ子たちはみんなそれぞれやりたい放題。おそ松と十四松はちゃんと掃除してよね！",5,"0501","","card51",2,3,2,0
502,"502","1,2,3,4,5,6","除夜の鐘が鳴り響く！？","描き下ろし","年越しそばを食べているチョロ松とトド松。その側ではおそ松たちが除夜の鐘をつこうとしていた！みんなで鐘を108回もついたらカラ松が…",5,"0502","","card51",5,3,2,0
503,"503","1,2,3,4,5,6","あけおめ2017♪謹賀新年","描き下ろし","こんな初夢、見てみたい！？６つ子がそれぞれのテーマカラーにちなんだ縁起物に大変身！イタ富士、十四鷹、一ナスビ！チョロ松…。",5,"0503","","card51",-1,1,1,0
504,"504","1,2,3,4,5,6,7,8,9,10,11,12,13,14","はちゃめちゃ初詣♪","描き下ろし","一年の計は元旦にあり？初詣にやってきた6つ子たち。それぞれ自分のスタイルでお参り♪今年も良い年になりますように！",5,"0504","","card51",7,3,2,0
505,"505","1,3","正月遊び おそvsチョロ","描き下ろし","お正月といえばコマ遊び？真剣勝負を始めたおそ松とチョロ松。ベーゴマって結構難しそうだけどうまく回せるのかな？",4,"0505","","card51",1,2,2,0
506,"506","2,4","正月遊び カラvs一","描き下ろし","羽子板対決で負けてばかりのカラ松。ニヤリを歯を見せながら笑う勝者の一松から顔に落書きされるも余裕の表情。でも本当は…？",4,"0506","","card51",2,2,2,0
507,"507","5,6","正月遊び 十四＆トド","描き下ろし","十四松とトド松は仲良くたこあげで遊んでいる。ってたこは十四松！？さすが忍者の才能あるね！ちょっと低空飛行みたいだけど！",4,"0507","","card51",3,2,2,0
508,"508","1,2,3,4,5,6","雪山で極楽露天風呂","描き下ろし","雪山にて6つ子たちは遂に秘湯を見つけた！？やっぱり風呂はタダ風呂に限ると湯船に浸かってるけど、そんなにくつろいじゃっていいの？",5,"0508","","card51",8,4,2,0
509,"509","1,2,3,4,5,6","雪合戦ウォーズ！","描き下ろし","雪が積もったある日。「雪合戦はタダでできるぜ！」と大喜びの6つ子たち。早速チームに分かれて本気の勝負が始まったっ…！",5,"0509","","card51",1,3,2,0
510,"510","1,2,3,4,5,6","兄鬼登場！？松野家の節分","描き下ろし","「鬼はそと、福はうち」節分豆まきに夢中な6つ子たち。兄鬼たちを追い払え〜！何故か無敵のカラ松、そして本気の十四松！？",5,"0510","","card51",7,3,2,0
511,"511","1,2,3,4,5,6","パチ警 本編ver.","描き下ろし","パチンコ警察に見つかったトド松。やはり最後には逮捕されてしまうのか？制服は本編バージョンに！トド松の顔にはもちろんモザイクが…。",5,"0511","","card52",2,2,2,0
