"id","question_type","card_id","answer"
1,1,1,"１クール目タイトル"
2,2,1,"１クールOP"
3,3,1,"オープニング"
4,4,1,"言わずと知れたおそ松さん１クール目のオープニングタイトル画面。おそ松さんの頭が爆発する冒頭のシーンはガチャでも使われているぞ！"
5,1,2,"いっシェー！"
6,2,2,"１クールOP"
7,3,2,"オープニング"
8,4,2,"デカパンUFOに吸い込まれ、一斉にみんながシェーしているこのシーン。結構有名かも！？"
9,1,3,"むつごおとし"
10,2,3,"１クールOP"
11,3,3,"オープニング"
12,4,3,"言わずと知れた『むつごおとし』の原案シーンだ！だるま落としって有名だけど意外と遊ぶ機会がなくない？"
13,1,4,"松野家の居間"
14,2,4,"１クールOP"
15,3,4,"オープニング"
16,4,4,"いつも６つ子が過ごしているニートたちの憩いの場。ここから毎回ドタバタ劇が始まる！（ここではあえて６つ子には触れない）"
17,1,5,"おでんDEシェー！"
18,2,5,"１クールED"
19,3,5,"エンディング"
20,4,5,"おでんの上でみんながシェーしている姿が可愛い。このエンディングを観ると必ずおでんを食べたくなります。"
21,1,6,"二人釣り堀"
22,2,6,"2話"
23,3,6,"アバンタイトル"
24,4,6,"「見てるのじーさんと魚しかいないんだけど…」「フッ…別にフツー…」次男のイタい伝説はここからはじまった。"
25,1,7,"釣り堀の精"
26,2,7,"2話"
27,3,7,"アバンタイトル"
28,4,7,"「あなたが落としたのは、この鋼の阿修羅像ですか？それともゼリーの阿修羅像ですか？」ゼリーの阿修羅像…逆にすごい気がする。"
29,1,8,"家宝にすっぺ～～～！"
30,2,8,"2話"
31,3,8,"アバンタイトル"
32,4,8,"チョロ松と十四松のデリバリーコント、記念すべき第一回「本当は怖いイソップ物語」より。誰もが知る迷セリフだ！"
33,1,9,"就職希望　松野おそ松"
34,2,9,"2話"
35,3,9,"就職しよう"
36,4,9,"「ビッグ、カリスマ、レジェンド、人間国宝！」に就職希望のおそ松。すでにニートのカリスマレベルじゃない？"
37,1,10,"就職希望　松野カラ松"
38,2,10,"2話"
39,3,10,"就職しよう"
40,4,10,"「己との戦い、終わりなき試練、やがて俺は立ち上がることもでき…」事務員がグラサンにキラキラパンツはいてたらそれこそイタすぎるよね。"
41,1,11,"就職希望　松野チョロ松"
42,2,11,"2話"
43,3,11,"就職しよう"
44,4,11,"就職活動でアジェンダを用意してくるチョロ松は最高にウザい！！彼の要望は意味不明でマストでコミットできるわけがない！"
45,1,12,"就職希望　松野一松"
46,2,12,"2話"
47,3,12,"就職しよう"
48,4,12,"「あ、燃えないゴミって表現いいな」とメモする一松。でも、その表現をどこで誰に使うのか…"
49,1,13,"就職希望　松野十四松"
50,2,13,"2話"
51,3,13,"就職しよう"
52,4,13,"「うん！できるよ触手！わーい！」職種を聞かれて触手を語りだす十四松。何かの職に役立ちそうな気はするけど。"
53,1,14,"就職希望　松野トド松"
54,2,14,"2話"
55,3,14,"就職しよう"
56,4,14,"「彼氏は～？」スマホで連絡先交換？就職探しの時ナンパしちゃうトド松は営業に向いているかも！？"
57,1,15,"仕事終わり？に１杯！"
58,2,15,"2話"
59,3,15,"就職しよう"
60,4,15,"「かーーーっ、やっぱり仕事の後のビールは最高だな！」仕事終わりかは置いといて、昼から１杯いけちゃうのはニートの特権！？"
61,1,16,"優しいイヤミ"
62,2,16,"2話"
63,3,16,"就職しよう"
64,4,16,"「いやーイヤミくん。やっぱり持つべきものは親友だね！」「前歯よーし！！」仕事を紹介してくれるというイヤミだが、求人票が真っ黒…"
65,1,17,"ブラック工場"
66,2,17,"2話"
67,3,17,"就職しよう"
68,4,17,"「なんか全体的に黒いね。」「てかブラックって書いてある。」おまえら社畜には作業の内容は説明不要ザンス！"
69,1,18,"デカパン所長"
70,2,18,"2話"
71,3,18,"就職しよう"
72,4,18,"「バカな6つ子ザンス。これでまた大もうけザンスね、所長。」やはりデカパンが工場を牛耳っていた！？とっても変幻自在なお方です。"
73,1,19,"三男の過ごし方"
74,2,19,"2話"
75,3,19,"おそ松の憂鬱"
76,4,19,"「にゃんにゃんにゃんにゃ～！」橋本にゃーのライブで萌えるチョロ松。オタ芸ってカロリー消費量高そう。"
77,1,20,"橋本にゃー"
78,2,20,"2話"
79,3,20,"おそ松の憂鬱"
80,4,20,"「にゃーちゃん超絶かわいいよ！」チョロ松がファンになるのも納得！ライブ会場は超満員！チェキは１枚１０００円！？"
81,1,21,"握手会に準備万端だが…"
82,2,21,"2話"
83,3,21,"おそ松の憂鬱"
84,4,21,"「SNSのアカウント名を会話にまぜてすりこむ」20秒という短い握手時間の準備は万端だが…「なにやってんだよ！？おそ松兄さん！」"
85,1,22,"次男の過ごし方"
86,2,22,"2話"
87,3,22,"おそ松の憂鬱"
88,4,22,"「やっと来たかい？カラ松ガールズ。」逆ナン待ちのカラ松はおそ松に川へ落とされる。実際は「なにあいつ、まじきめぇ。」なのに…。"
89,1,23,"末っ子の過ごし方"
90,2,23,"2話"
91,3,23,"おそ松の憂鬱"
92,4,23,"「どちら様でしょうか？」「今、僕だれかと会った？」さすが『ドライモンスター』トド松！明らかに顔が同じなのにスルーされるおそ松…"
93,1,24,"四男の過ごし方"
94,2,24,"2話"
95,3,24,"おそ松の憂鬱"
96,4,24,"一松のかわいい一面を見たと思ったら…猫と合体なの？変身なの？もう橋本にゃーより、こっちのほうがニャーだね！"
97,1,25,"五男の過ごし方"
98,2,25,"2話"
99,3,25,"おそ松の憂鬱"
100,4,25,"十四松が川を泳ぐ『川登りハッスル』の原案シーン。実は十四松が川を泳いでいる間、ずっと声を出しているが、息継ぎは！？"
101,1,26,"ニューおそ松兄さん"
102,2,26,"2話"
103,3,26,"おそ松の憂鬱"
104,4,26,"聖澤庄之助が新しい長男！？先代とは違いイカサマ無しのロイヤルストレートフラッシュが炸裂!!だが、先代に蹴飛ばされ空の彼方へ。"
105,1,27,"宇宙サイコー！"
106,2,27,"3話"
107,3,27,"アバンタイトル"
108,4,27,"「宇宙きちゃったね！」「無重力スパイラル！」とはしゃぐおそ松と十四松。だが先に酸素切れしたのはチョロ松！船も消え…考えるのをやめた。"
109,1,28,"松野おそ松"
110,2,28,"3話"
111,3,28,"アイキャッチ"
112,4,28,"テーマカラーは赤。なんだかんだ言っても頼りになる長男おそ松。時々弟たちを思いやる一面もあるが、とんでもないクズ。"
113,1,29,"キラキラ？マツマツ？"
114,2,29,"3話"
115,3,29,"キラキラネーム"
116,4,29,"ヒフミ屋でキラキラネーム特集。まさか自分たちの名前をキラキラネームだと思っていたとは。確かに兄弟全員、マツマツネームだけどね！"
117,1,30,"松野カラ松"
118,2,30,"3話"
119,3,30,"アイキャッチ"
120,4,30,"テーマカラーは青。当初「6つ子の中では参謀のような存在」と紹介されたが、本当はイタイだけのクール？な次男カラ松。"
121,1,31,"松野チョロ松"
122,2,31,"3話"
123,3,31,"アイキャッチ"
124,4,31,"テーマカラーは緑。６つ子で唯一の常識人だったはずなのに、話を重ねるごとにハテナな部分が見えてきた。就職するする詐欺の三男チョロ松。"
125,1,32,"嗅ぎつけた兄さんたち"
126,2,32,"3話"
127,3,32,"パチンコ警察"
128,4,32,"「どうもこの辺りにいるらしいんだよ。」「パチンコ勝ったくせに兄貴に内緒にしようとするクズがね！」兄弟が勝ったことがわかる特殊能力？"
129,1,33,"職質される末弟"
130,2,33,"3話"
131,3,33,"パチンコ警察"
132,4,33,"「チョロ松兄さんに一松兄さん！？もうすでに嗅ぎつけていたのか！？」夜中の公園で大事そうにかばんを抱いて佇んでいたら確かに怪しい！"
133,1,34,"逃走!!パチンコ警察24時"
134,2,34,"3話"
135,3,34,"パチンコ警察"
136,4,34,"『逃走!!パチンコ警察２４時』の原案。どれだけ逃げ続けられるか！？最終的には彼らの魔の手から逃れることは出来ないのである！"
137,1,35,"パチンコ祝儀隠蔽法違反"
138,2,35,"3話"
139,3,35,"パチンコ警察"
140,4,35,"「僕はパチンコに勝っただけだ～！！」これが末っ子の運命なのか・・・。出前寿司に消えたトド松の悲しい戦利金なのであった・・・。"
141,1,36,"松野一松"
142,2,36,"3話"
143,3,36,"アイキャッチ"
144,4,36,"テーマカラーは紫。市松模様の「市松」と間違える人が多いけど、正しくは「一松」だよ。猫が友達。"
145,1,37,"寝かせてください"
146,2,37,"3話"
147,3,37,"寝かせてください"
148,4,37,"「寝られないなら、子守唄を・・・」「消すよ。」６つ子の夜はハチャメチャだ！それにしてもこの布団…特注にしてもすごい。"
149,1,38,"松野十四松"
150,2,38,"3話"
151,3,38,"アイキャッチ"
152,4,38,"テーマカラーは黄色。聖澤庄之助を家宝にしちゃうなんかよくわからないやつ。エスパーニャンコや恋する十四松ではとても優しい！触手が得意！"
153,1,39,"捕まえる者が捕まえられる"
154,2,39,"3話"
155,3,39,"密漁"
156,4,39,"船で何かを獲ろうとしている二人。そして自分らが獲られる。一松とチビ太のレアコンビのハンドサインが見られるのはここだけ！？"
157,1,40,"松野トド松"
158,2,40,"3話"
159,3,40,"アイキャッチ"
160,4,40,"テーマカラーはピンク。６つ子で唯一オシャレアイテムを使いこなす末っ子。しかしパソコンで一体何をやっているのか謎のままである。"
161,1,41,"スーツ６つ子大集合"
162,2,41,"3話"
163,3,41,"アイキャッチ"
164,4,41,"「おそ松くん」では見分けがつかなかった６つ子がそれぞれ個性を持った大人になった！なぜか全員とってもニート。働く日は当分来ない！？"
165,1,42,"正しい出っ歯の磨き方"
166,2,42,"3話"
167,3,42,"10月31日"
168,4,42,"正しい出っ歯の磨き方講座を見ながら、毎日４５分かけて歯を磨くイヤミ。こんな出っ歯なんてそうそういないって！"
169,1,43,"トリックバットトリート"
170,2,43,"3話"
171,3,43,"10月31日"
172,4,43,"ハロウィンを勘違いした６つ子たち。彼らのトリックオアトリートは「お菓子くれてもいたずらするぞ！」だ。イヤミは家ごと丸裸に！"
173,1,44,"パーカー６つ子大集合"
174,2,44,"3話"
175,3,44,"アイキャッチ"
176,4,44,"それぞれのテーマカラーに合わせたパーカー。巷では松パーカーと言われ大人気！"
177,1,45,"おそ松クイズ　in銭湯"
178,2,45,"3話"
179,3,45,"銭湯クイズ"
180,4,45,"正解したら風呂上がりのコーヒー牛乳をもらえるクイズだ！回答者はチョロ松のみ！全部●●●だし！黒で隠しているのにモザイクかかってるし！"
181,1,46,"一人だけ胸隠し！？"
182,2,46,"3話"
183,3,46,"銭湯クイズ"
184,4,46,"タオルで胸まで隠すトド松はやはり女子！？湯船にタオルはつけちゃダメだよ！※撮影のためタオルを巻いています。"
185,1,47,"シェー！の練習"
186,2,47,"4話"
187,3,47,"アバンタイトル"
188,4,47,"公園でイヤミがシェーの練習に励む『シェー！の練習』の原案。この時はまだファイナルシェーのための練習だとは誰も知る由もなかった。"
189,1,48,"方向性の違いで夫婦喧嘩"
190,2,48,"4話"
191,3,48,"自立しよう"
192,4,48,"バンド解散理由あるある「方向性の違い」で離婚の危機に陥る夫婦。成人である６つ子全員がニートであることを許しているのがすでに危機！"
193,1,49,"僕たちは大切な家族"
194,2,49,"4話"
195,3,49,"自立しよう"
196,4,49,"ニートの牙城がなくなる！？いつも喧嘩ばかりの６つ子たちも、この時ばかりは協力する！まぁ、結局自分だけのためなんだけどね。"
197,1,50,"扶養家族選抜面接"
198,2,50,"4話"
199,3,50,"自立しよう"
200,4,50,"さっきまでの協力はなんだったのか！？自分だけは扶養に入ろうと必死にアピール。やっぱりクズなのね、６人とも。"
201,1,51,"人心掌握術の達人"
202,2,51,"4話"
203,3,51,"自立しよう"
204,4,51,"「合格よ！」「イエーイ！やったー！1抜けフォーッ！」さすが世渡り上手の末っ子トド松。巧みな話術で狙い通り『扶養』入りを果たす！"
205,1,52,"DTなおそ松"
206,2,52,"4話"
207,3,52,"トト子なのだ"
208,4,52,"「好き！好きよ！おそ松くん！」「トト子ちゃーん！」女の子の部屋で妄想一人芝居をやって足をツるおそ松。こんなの見られたら超恥ずかしい！"
209,1,53,"無邪気な十四松"
210,2,53,"4話"
211,3,53,"トト子なのだ"
212,4,53,"これが十四松の勝負服なのか？人の部屋で無邪気に素振りをしちゃう十四松はとってもかわいい！「野球かな？野球すんのかなぁ～！？」"
213,1,54,"オシャレなトッティ"
214,2,54,"4話"
215,3,54,"トト子なのだ"
216,4,54,"「ふふっ。」しっかりオシャレして、トト子の部屋を訪れたトッティ。悲しさのあまり泣きながら素振りをするトッティは割と素直。"
217,1,55,"ビジュアル系な一松"
218,2,55,"4話"
219,3,55,"トト子なのだ"
220,4,55,"これはやばい…たぶん、これいじっちゃダメなやつだ。部屋の隅からすごい見てくるらしい。"
221,1,56,"オカルトなカラ松"
222,2,56,"4話"
223,3,56,"トト子なのだ"
224,4,56,"「OH～YEAH～」女の子の家に風呂上がりのバスローブ姿でくるカラ松はオカルト。すぐに通報すべき！あの十四松もビックリだ！"
225,1,57,"マネージャーなチョロ松"
226,2,57,"4話"
227,3,57,"トト子なのだ"
228,4,57,"「トト子ちゃんのためにお集まりいただき誠にありがとうございます。」全身テーマカラーの緑スーツが様になっている。これは就職なのか…？"
229,1,58,"デビューライブ"
230,2,58,"4話"
231,3,58,"トト子なのだ"
232,4,58,"「人類みなエラ呼吸～♪」魚屋だけに魚をイメージしたアイドル服。魚とか貝とかタコとか混じってる！だけど盛り上がってるのは６つ子だけ…。"
233,1,59,"本当は悲しい赤ずきんちゃん"
234,2,59,"4話"
235,3,59,"エピローグ"
236,4,59,"デリバリーコント第二回はトド松とダヨーンの組み合わせ！これまたかなり珍しいコンビ。ダヨーンの特徴が全て遺伝だったとは・・・。"
237,1,60,"次回予告"
238,2,60,"全話"
239,3,60,"次回予告"
240,4,60,"毎回次回予告もいろいろな小ネタが入っていて面白かったよね！？だからカードにしてみました。ただそれだけー。"
241,1,61,"チビ太のおでん屋"
242,2,61,"5話"
243,3,61,"カラ松事変"
244,4,61,"「てめぇら、ちゃんと払う金もってんだろうな？」ニート６つ子は今日もツケ！はたしてツケはいくらたまっているのだろうか…"
245,1,62,"誘拐されたカラ松"
246,2,62,"5話"
247,3,62,"カラ松事変"
248,4,62,"「アチッ！」兄弟たちから見捨てられたカラ松にあつあつおでんバズーカが迫り来る。それにしてもニートたちを相手に身代金を要求って…"
249,1,64,"ニート達！梨がむけたわよ！"
250,2,64,"5話"
251,3,64,"カラ松事変"
252,4,64,"お母さんが剥いてくれた梨がとっても美味しそう。クズニートたちにとっては、カラ松より梨が大事なんです！そりゃチビ太も同情するって。"
253,1,65,"次男への愛深きゆえに"
254,2,65,"5話"
255,3,65,"カラ松事変"
256,4,65,"「オイラを倒して助けてみやがれ！」チビ太は自分を犠牲にカラ松が兄弟に愛されているかを試すが、やっぱりこの５人には無駄だったね！"
257,1,66,"次男放置"
258,2,66,"5話"
259,3,66,"カラ松事変"
260,4,66,"結局助けられないカラ松。次男への愛なんてやっぱりなかったのか。火は消されたがそのまま玄関前に放置され…「エスパーニャンコ」に続く。"
261,1,67,"デカパンラボ訪問"
262,2,67,"5話"
263,3,67,"エスパーニャンコ"
264,4,67,"「たのもー！たのもー！」一松兄さんのためにデカパン博士に相談しにきた十四松。十四松の思いは一松に届くのか？"
265,1,68,"エスパーニャンコ"
266,2,68,"5話"
267,3,68,"エスパーニャンコ"
268,4,68,"デカパン博士の薬で人の気持ちがわかり話ができるようになったネコ。誰もメガネには突っ込まない。後に薬の効果がきれて普通のネコに戻る。"
269,1,69,"後ろから注射"
270,2,69,"5話"
271,3,69,"エスパーニャンコ"
272,4,69,"「知りたいかも…こいつの気持ち…」一松の願いを叶えるには注射で薬をうつしかないんです！でもなぜそこに注射しないといけないのか。"
273,1,70,"僕にはみんながいるから"
274,2,70,"5話"
275,3,70,"エスパーニャンコ"
276,4,70,"「友達？仲間？オレには一生いらない。」という一松だったが…本心は逆だった！けど知られたくない心の奥を誰かに言われるのって辛い。"
277,1,71,"一松思いの十四松"
278,2,71,"5話"
279,3,71,"エスパーニャンコ"
280,4,71,"行方知れずになったエスパーニャンコを見つけてきてくれた十四松。服も顔もボロボロ！最初からずっと十四松は一松のことを思っていた！"
281,1,72,"仲直り"
282,2,72,"5話"
283,3,72,"エスパーニャンコ"
284,4,72,"仲直りできてうれしそうな一松とエスパーニャンコ。十四松のおかげで二人の友情はこれからも続いていくのだ。ナイス十四松！"
285,1,73,"カラ松の扱い"
286,2,73,"5話"
287,3,73,"エスパーニャンコ"
288,4,73,"「扱いが全然ちがーーーーう！」そういえばカラ松っていたなぁ。最後まで誰もつっこむことはなかった。ここまでが本当の『カラ松事変』！"
289,1,74,"ニート＝暇"
290,2,74,"6話"
291,3,74,"おたんじょうび会ダジョー"
292,4,74,"「ひ～♪ま～♪だ～♪な～♪」いつも通りの暇な６つ子ニートたち。なんだか全員シュールなポーズ。おそ松兄さん、その体勢きつそう。"
293,1,75,"ハタ坊の誕生日会"
294,2,75,"6話"
295,3,75,"おたんじょうび会ダジョー"
296,4,75,"プライベートが謎なハタ坊の誕生日会に招待された６つ子。「みなさん、本日の旗の調子はいかがですか？」執事もなにかと旗を絡ませてくる。"
297,1,76,"ミスターフラッグ"
298,2,76,"6話"
299,3,76,"おたんじょうび会ダジョー"
300,4,76,"ハタ坊自体はなんも変わってなくて一安心？あめりかの大統領からの相談に「アメリカンドッグだジョー！」。なにがっ！？"
301,1,77,"おそ松兄さんの天才的発想"
302,2,77,"6話"
303,3,77,"おたんじょうび会ダジョー"
304,4,77,"「ほんのちょっとでいいからお金分けてくれない？」さりげなくハタ坊のことを金づる坊と呼んじゃうあたり、さすがおそ松兄さん！"
305,1,78,"入社条件は旗"
306,2,78,"6話"
307,3,78,"おたんじょうび会ダジョー"
308,4,78,"「いくジョー！」面接すらないフラッグコーポレーションの入社条件は旗を立てること！頭に刺すのはキツい。まだお尻のほうが何とかなるかも？"
309,1,79,"後ろから旗？"
310,2,79,"6話"
311,3,79,"おたんじょうび会ダジョー"
312,4,79,"「その太さだったら俺ら刺せるかも。」ちゃんとお尻用の旗を用意してくれるハタ坊は優しい？これで６つ子もハタ坊の友達ダジョー！"
313,1,80,"おめでとうイヤミくん！"
314,2,80,"6話"
315,3,80,"イヤミの大発見"
316,4,80,"「これでおフランスに一歩近づけたザンス！」負けっぱなしのイヤミだったが、最後は当たって大喜び？まぁケンタウロスだったわけですが…"
317,1,81,"伝説のギャグ「シェー！」"
318,2,81,"6話"
319,3,81,"イヤミの大発見"
320,4,81,"イヤミとダヨーンは仕事を求め赤塚市役所へ。かつて一世を風靡したシェーは皆に忘れ去られていた。でも50年ほど前の話だからしょうがない！"
321,1,82,"超希少金属イヤメタル"
322,2,82,"6話"
323,3,82,"イヤミの大発見"
324,4,82,"「ミーにはまだこの歯があったザンス！」デカパン博士が発見したイヤメタルはなんと1京億円の価値があった！0が24個つきます。"
325,1,83,"イヤミ、世界へ"
326,2,83,"6話"
327,3,83,"イヤミの大発見"
328,4,83,"「昔の地位も越えたザンス！」イヤメタルのおかげで世界中から注目される存在となったイヤミ。あの有名な新聞にも載ったとか載らないとか。"
329,1,84,"量産型イヤメタル"
330,2,84,"6話"
331,3,84,"イヤミの大発見"
332,4,84,"頭を叩けば生えてくるカンナのシステムだとわかったイヤミの歯。となればブラック工場にて量産開始！「儲かっちゃうジョー！」"
333,1,85,"ご注文を承ります！"
334,2,85,"7話"
335,3,85,"トド松と５人の悪魔"
336,4,85,"バイトを始めて苦節数週間のトド松。遂に女の子から合コンに誘われるも…5人の悪魔がすぐそこまで迫っているのであった。"
337,1,86,"5人の悪魔"
338,2,86,"7話"
339,3,86,"トド松と５人の悪魔"
340,4,86,"「あんれまぁ。こりゃまたハイカラな店だっぺー～」ついにあらわれた5人の悪魔…もとい兄さん達。彼らに悪意は全くない？"
341,1,87,"帰ってください！"
342,2,87,"7話"
343,3,87,"トド松と５人の悪魔"
344,4,87,"地面が割れるほど頭をうちつけてでも兄さん達を説得して帰らせようとするトド松。十四松だけすごくくつろいでいる。"
345,1,88,"存在が恥ずかしい兄さんたち"
346,2,88,"7話"
347,3,88,"トド松と５人の悪魔"
348,4,88,"「みんな天上人。兄さんたちとは月とスッポンの差がある。」さすがの5人もこれにはバタンキュー！もうちょっとで死ぬところでした。"
349,1,89,"トッティ"
350,2,89,"7話"
351,3,89,"トド松と５人の悪魔"
352,4,89,"「なんちゅー目してんだ！？」いつもの女子力はどうしたトド松！キャラ崩壊！トッティは某有名な大学の学生…だったっけ？"
353,1,90,"おかえりトッティ"
354,2,90,"7話"
355,3,90,"トド松と５人の悪魔"
356,4,90,"「今日は本当にありがとうトッティ！」最底辺から脱出したトッティは5人の悪魔によってまた最底辺に戻されてしまった。「た…ただいま…」"
357,1,91,"おそ松　戦闘モード"
358,2,91,"7話"
359,3,91,"４個"
360,4,91,"「どうやら実力行使しかないようだなーっ！」おそ松はヌンチャクをとって構えをとる。アタタアターッ！絶対に自分にぶつけるね。"
361,1,92,"トド松　戦闘モード"
362,2,92,"7話"
363,3,92,"４個"
364,4,92,"「へへっ。しょうがないねぇ！」カフェの店員らしくメニュー表を武器に！トッティの何かが炸裂する！？"
365,1,93,"カラ松　戦闘モード"
366,2,93,"7話"
367,3,93,"４個"
368,4,93,"　「ふっ、残念だ。」一体、誰！？武器だけを見るとカラ松が優勢なのはあきらか！？"
369,1,94,"十四松　戦闘モード"
370,2,94,"7話"
371,3,94,"４個"
372,4,94,"　「こい！このやろう～！」って一体誰なんだこのやろう！接近戦のプロレスは不利か！？"
373,1,95,"一松　戦闘モード"
374,2,95,"7話"
375,3,95,"４個"
376,4,95,"「終わらせる。」ネコと同化した一松！素早い爪ひっかき攻撃はものすごく痛そうだがはたして勝負の行方は。"
377,1,96,"おい！！！これ…見ろ。"
378,2,96,"7話"
379,3,96,"４個"
380,4,96,"4個を3個にできて一安心！…と思ったら「１個だけ…クリームだよ！？」彼らの戦いはこれからも続くのだ！"
381,1,97,"バイク走～北へ～"
382,2,97,"7話"
383,3,97,"北へ"
384,4,97,"『バイク走～北へ～』の原案シーン。風になってバイクで走るデカパンとダヨーン。見た目によらず移動速度はとっても遅いぞ！"
385,1,98,"ヒッチハイク"
386,2,98,"7話"
387,3,98,"北へ"
388,4,98,"電車に轢かれたデカパンとダヨーンは北へ行くためにヒッチハイクをすることに。うまくいかない２人はセクシーポーズでチャレンジするが…"
389,1,99,"デカパンの夢"
390,2,99,"7話"
391,3,99,"北へ"
392,4,99,"旅に疲れて一眠りするデカパン。どんな夢を見ているのだろうか。二人が目指すあめりかはまだまだ遠い！？"
393,1,100,"旅の思い出"
394,2,100,"7話"
395,3,100,"北へ"
396,4,100,"デカパンが持ってきたあめりかの地図。走馬灯のように今までの冒険が頭をよぎる。そして凍ったデカパンを谷底に蹴り落とすダヨーンであった。"
397,1,101,"なごみ探偵おそ松くん"
398,2,101,"8話"
399,3,101,"なごみのおそ松"
400,4,101,"「彼が来たからにはもう安心！」2000件以上の事件を捜査して謎を解いたことは１度もない。「ただの役立たずですよねそれ！？」"
401,1,102,"なごみ探偵の力"
402,2,102,"8話"
403,3,102,"なごみのおそ松"
404,4,102,"「今回の事件、その犯人は…この世のどこかにいます！」役立たずなんてとんでもない！凶器までなごんで丸くなる！？これがなごみ探偵の力だ！"
405,1,103,"お魚アイドルワンマンライブ"
406,2,103,"8話"
407,3,103,"トト子の夢"
408,4,103,"おそ松たちしか見に来ていないトト子のワンマンライブ。実家の魚松のお客さんにお知らせを出せばもうすこし集まりそうな気が…。"
409,1,104,"オタ芸松"
410,2,104,"8話"
411,3,104,"トト子の夢"
412,4,104,"「パクパクパク、いぇーい！」「トト子ちゃーん！超絶かわいいよーっ！」６つ子のオタ芸の完成度は高いが…売れるわけない。"
413,1,105,"必殺のボディーブロー"
414,2,105,"8話"
415,3,105,"トト子の夢"
416,4,105,"「泣～かな～い…グホッ！！」トト子必殺のボディーブローがカラ松に炸裂！カラ松が悪くなくてもカラ松が殴られます。本当に不遇だ。"
417,1,106,"メカトト子"
418,2,106,"8話"
419,3,106,"トト子の夢"
420,4,106,"ひとまわりもふたまわりも大きくなって帰ってきた！褒められるとミサイル発射！？意外と知られていないが肩にはデカパン博士が乗っている。"
421,1,107,"トト子ちゃんなら"
422,2,107,"8話"
423,3,107,"トト子の夢"
424,4,107,"トト子の本音を知っても可愛いとベタ惚れし続ける６つ子。メカトト子でも愛せます。６つ子は女性の趣味も同じなのか！？"
425,1,108,"６つ子に生まれた～"
426,2,108,"8話"
427,3,108,"エピローグ"
428,4,108,"６つ子に生まれたらやっぱり大変らしい。そんな哀愁漂うのがこの歌だ。「生活臭も～野郎６人分～。」作詞作曲：カラ松か？"
429,1,109,"本当は気まずい鶴の恩返し"
430,2,109,"9話"
431,3,109,"アバンタイトル"
432,4,109,"デリバリーコント第三回はおそ松＆一松！「どうか一晩だけ泊めていただけな…」「無理っす。いや大丈夫です。」確かにきまずい。"
433,1,110,"チビ太とカラ松"
434,2,110,"9話"
435,3,110,"チビ太とおでん"
436,4,110,"黙々とおでんを食べるカラ松。あいからず仕事のことはノープラン！なんだかんだ言っても、この二人仲がいいよね。"
437,1,111,"坊主カラ松おでん修行"
438,2,111,"9話"
439,3,111,"チビ太とおでん"
440,4,111,"むちゃくちゃな理由でチビ太に弟子入りさせられ、一方的なおでん講義を受けるカラ松。カッコつける暇もないほどのマシンガントーク。逃げろ！"
441,1,112,"463のゲッツー"
442,2,112,"9話"
443,3,112,"恋する十四松"
444,4,112,"「おはよーんろくさんの～ゲッツゥー！」朝からテンションの高い十四松おとくいの野球ギャグ！ちなみに463は背番号のことをさしている！"
445,1,113,"ただいマッスル！"
446,2,113,"9話"
447,3,113,"恋する十四松"
448,4,113,"「マッスルマッスル！ハッスルハッスル！」十四松といえばこのセリフ！ニートなだけに朝から晩まで野球の練習？ずっと一人？"
449,1,114,"兄弟としての使命"
450,2,114,"9話"
451,3,114,"恋する十四松"
452,4,114,"恋する十四松を尾行する５兄弟。「お兄ちゃん応援しないわけにはいかない！」手ぬぐいもしっかり個別のテーマカラーでかわいい！"
453,1,115,"十四松の待ち合わせ"
454,2,115,"9話"
455,3,115,"恋する十四松"
456,4,115,"待ち合わせのカフェで目覚まし時計片手に十四松が待っていると…来た！実物もけっこうかわいい女のコ！５人は嫉妬！"
457,1,116,"お似合いですね！"
458,2,116,"9話"
459,3,116,"恋する十四松"
460,4,116,"「アハハハハッ、ハッ…！」デート中に十四松の新ギャグで大笑い！そして気絶！やっぱり十四松が好きになった人！かわいいけど変わってるね！"
461,1,117,"がんばれ十四松！"
462,2,117,"9話"
463,3,117,"恋する十四松"
464,4,117,"「俺より先に彼女つくろうとしてんじゃねー！」ってドタバタしたけど…服装を考えたり見送ったりと優しい兄弟！結局いつものスーツだけど。"
465,1,118,"十四松のなみだ"
466,2,118,"9話"
467,3,118,"恋する十四松"
468,4,118,"告白して振られてみんなの前でたまらず大泣きする十四松。こういう時は泣きたいだけ泣いていいのだ。そうやってニートも成長していくのだ！"
469,1,119,"泣かないで"
470,2,119,"9話"
471,3,119,"恋する十四松"
472,4,119,"故郷に帰る彼女を見送りにきた十四松。別れを惜しみ泣き出す彼女を笑わせようとする。「泣かないでよーんろくさんのゲッツゥ！」"
473,1,120,"また会えマッスルマッスル！"
474,2,120,"9話"
475,3,120,"恋する十四松"
476,4,120,"走りさる電車を必死に追いかけながらギャグを続ける十四松に最後に最高の笑顔をくれた彼女。ホームの端で電車を見送る十四松の背中が切ない。"
477,1,121,"次男がイタイ理由（わけ）"
478,2,121,"10話"
479,3,121,"アバンタイトル"
480,4,121,"「イタイってなんだ…？」イタイのを気にしているカラ松だけど自分の顔のクソタンクトップにクソカラコン！でもイタイのがカラ松なんだよ！"
481,1,122,"レンタル彼女をやるザンス！"
482,2,122,"10話"
483,3,122,"イヤミチビ太のレンタル彼女"
484,4,122,"自分たちが女装するとは…イヤミの発想はぶっとんでる！６つ子もブスには普通に厳しい！「化け物！」「吐きそうだ。」「じゃあなブス！」"
485,1,123,"おもちゃはカラ松サングラス"
486,2,123,"10話"
487,3,123,"イヤミチビ太のレンタル彼女"
488,4,123,"部屋でいつもようにネコとじゃれる一松。「いいぞ…いいぞ…」いいぞってそれカラ松の大事なサングラス…結局こわしちゃったし！！"
489,1,124,"レンタル彼女　イヤ代ちゃん"
490,2,124,"10話"
491,3,124,"イヤミチビ太のレンタル彼女"
492,4,124,"「実物ハンパねぇ！」イヤミ扮したイヤ代ちゃんにひと目で心うたれるチョロ松。でもレンタルメガミじゃなくてレンタルイヤミだよそれ。"
493,1,125,"一軍の人？"
494,2,125,"10話"
495,3,125,"イヤミチビ太のレンタル彼女"
496,4,125,"「なんだこれ…完全に一軍の人きたよー！」まさかの展開に喜びでっかいお胸に見とれるチョロ松。でも一軍どころかイヤミの胸だよそれ。"
497,1,126,"レンタル彼女　チビ美ちゃん"
498,2,126,"10話"
499,3,126,"イヤミチビ太のレンタル彼女"
500,4,126,"「しょうがないなぁ～！」チビ太扮したチビ美に騙されサイフまで渡してしまい貢ぎまくりのトッティ。チビ太のほうがまだ面影が残ってる？"
501,1,127,"まわりだした恋の歯車"
502,2,127,"10話"
503,3,127,"イヤミチビ太のレンタル彼女"
504,4,127,"イタイ発言浴びせられ料を「カラ松くんカッコイイから」と負けてもらいイヤ代ちゃんに惚れちゃったカラ松。そんなところもイタすぎです。"
505,1,128,"身ぐるみ剥がされたニート"
506,2,128,"10話"
507,3,128,"イヤミチビ太のレンタル彼女"
508,4,128,"「俺たちもう…お金がないから～…」お金がなくなりイヤヨとチビ美に相手にされない６つ子。今までのお金はどこから出ていたのだろうか。"
509,1,129,"シャコ～！"
510,2,129,"10話"
511,3,129,"イヤミチビ太のレンタル彼女"
512,4,129,"「今度は甲殻類に挑戦～！」まさかシャコをチョイスするとは…さすがトト子センスです！ちなみにシャコは漢字で蝦蛄。食べるとうまい！"
513,1,130,"超必殺のボディーブロー"
514,2,130,"10話"
515,3,130,"イヤミチビ太のレンタル彼女"
516,4,130,"「トト子ちゃん…今はそれどころじゃ。」６つ子に相手にされないトト子の超必殺ボディーブローが炸裂！これ全員の胸を突き抜けてるよね！？"
517,1,131,"レンタル彼女でニート卒業？"
518,2,131,"10話"
519,3,131,"イヤミチビ太のレンタル彼女"
520,4,131,"「仕事っていいね！」「働くってすばらしい！」『工事現場』から『まぐろ漁船』、『お見せできないお仕事』まで！男の欲求パワーのすごさよ！"
521,1,132,"イヤヨとイヤミの間"
522,2,132,"10話"
523,3,132,"イヤミチビ太のレンタル彼女"
524,4,132,"薬の効き目が悪くなり６つ子との大事なデート中に出っ歯が生えてきてしまったイヤヨ。コップを軽々と粉砕…さすがイヤメタル！"
525,1,133,"6つ子の復讐"
526,2,133,"10話"
527,3,133,"イヤミチビ太のレンタル彼女"
528,4,133,"正体がばれ檻に入れられたイヤミとチビ太にニート達の恐ろしい復讐が！檻の鍵の請求額はなんと８兆円！？「いいから母印だあああっ！！」"
529,1,134,"一松のクリスマス"
530,2,134,"11話"
531,3,134,"ブラックサンタ"
532,4,134,"聖なる夜にカップルの前に突如現れたサンタ？威圧感のある目で語りかけてくる。「で、この後の予定は？」自分から聞いといて人体自然発火！"
533,1,135,"カラ松のクリスマス"
534,2,135,"11話"
535,3,135,"逆ナン"
536,4,135,"逆ナン待ちをするカラ松に一人の女性が…「来たか！カラ松ガールズ！」。しかしその先にあったのは本物の愛ではなく８６万円の請求だった。"
537,1,136,"Xmas　トト子とチョロ松"
538,2,136,"11話"
539,3,136,"The Perfect Christmas"
540,4,136,"「私はあなたのために…イルミネーションを作った！」すごく綺麗なイルミネーションを自分で作っちゃう…さすがビューティージーニアス！"
541,1,137,"Xmas　トト子と十四松"
542,2,137,"11話"
543,3,137,"The Perfect Christmas"
544,4,137,"「お姫様。じゃあ登ろっか？」イルミネーションを登るのもすごいが、その後のライト点灯演出は地球スケールだった！「メリークリスマス。」"
545,1,138,"Xmas　トト子とカラ松"
546,2,138,"11話"
547,3,138,"The Perfect Christmas"
548,4,138,"「通れるようにしてやったぜ。」ブスといいつつも結局優しい。ものすごいツンデレっぷりを発揮！普段のイタさはあまり感じない？"
549,1,139,"Xmas　トト子と一松"
550,2,139,"11話"
551,3,139,"The Perfect Christmas"
552,4,139,"そんなこんなで帝王なんとかから追われる身となったトト子を助ける一松。雪山の山小屋で体を寄せ合う２人…これは確かに鼻血出ます。"
553,1,140,"Xmas　トト子とおそ松"
554,2,140,"11話"
555,3,140,"The Perfect Christmas"
556,4,140,"そんなこんなでおそ松くんとディナーへ。クリスマスプレゼントはなんと雪を降らせてホワイトクリスマス！おそ松ってサンタだったんですか！？"
557,1,141,"Xmas　トト子とトド松"
558,2,141,"11話"
559,3,141,"The Perfect Christmas"
560,4,141,"家に帰るともう一人のサンタさんが。「私こんなの初めて！」そりゃ空飛ぶなんて普通の人間じゃ不可能…って兄さん達もみんな飛んできたし！"
561,1,142,"松野家クリスマスパーティー"
562,2,142,"11話"
563,3,142,"プレゼント交換"
564,4,142,"「メリークリスマース…」「しねしねしねしねしーねしね。」毎年毎年こんな調子なのだろうか。「誰得よ？このパーティー…」"
565,1,143,"カラ松GREAT☆"
566,2,143,"11話"
567,3,143,"プレゼント交換"
568,4,143,"一松はカラ松のプレゼントをゲット。いつものイッタいパンツと同じにおいがします。残念だったね一松兄さん…けど結局中身は一緒でした！"
569,1,144,"おフランス製マッチ1900円"
570,2,144,"11話"
571,3,144,"マッチ売りのイヤミ"
572,4,144,"「マッチはいらんザンスか？買ってチョーよ。」誰にも相手にされず火をつけると…。それにしてもマッチにおフランス製を求める人はいない！"
573,1,145,"Xmas　デカパンとダヨーン"
574,2,145,"11話"
575,3,145,"愛"
576,4,145,"ダヨーンとデカパンはやっぱり仲良し！クリスマスも一緒！ターキーにワインにケーキ、プレゼント交換。そして酔っ払った２人は街に繰り出し…"
577,1,146,"Xmas　デカパンとダヨーン2"
578,2,146,"11話"
579,3,146,"愛"
580,4,146,"肩を寄せ合い街を歩く酔っ払った２人は突如現れたまぶしい輝きに導かれ…ってそこお店ですけど！？金で買える愛はあるのか？"
581,1,147,"サンタの存在を信じて"
582,2,147,"11話"
583,3,147,"十四松とサンタ"
584,4,147,"靴下をぶらさげ２０歳を超えた今年もサンタを待ち続けた十四松。ついにつかまえた！！毎年毎年サンタを待ち続けた甲斐があったというもの。"
585,1,148,"やっぱり男は金だね！"
586,2,148,"11話"
587,3,148,"クリスマス飲み"
588,4,148,"男は金じゃない！と言う６つ子の後ろを通るハタ坊の豪華船！お金をばらまくハタ坊の膝元には橋本にゃーの姿も…。ミスターフラッグ健在！"
589,1,149,"メリークリスマス！！"
590,2,149,"11話"
591,3,149,"アイキャッチ"
592,4,149,"６つ子イケメンChristmasバージョン大集合！結構めずらしいカット。やることなすことスケールが大きすぎ！さすが赤塚財閥の御曹司！"
593,1,150,"お願いします！帰って！"
594,2,150,"11話"
595,3,150,"土下座"
596,4,150,"「お願いします！デートしてください！」土下座どころか倒れこんでお願いする６つ子だったが…。トト子の両親によると毎年の恒例行事らしい。"
597,1,151,"カラ松　ダヨ～ン相談室"
598,2,151,"11話"
599,3,151,"エピローグ"
600,4,151,"ここはおそ松さんの出演者が本音をぶちまける秘密の相談室。今週の相談者カラ松はこれで2クール目でのひどい扱いも保障されたぞ！"
601,1,152,"実松さん　第三話"
602,2,152,"13話"
603,3,152,"連続テレビドラマ　実松さん"
604,4,152,"会社など外でひどい扱いを受けるサラリーマンの実松。彼には人には言えない秘密があった！実は朝の時点で歯ブラシも茶碗も６個あった…"
605,1,153,"実松さんの秘密"
606,2,153,"13話"
607,3,153,"連続テレビドラマ　実松さん"
608,4,153,"実松にはそっくりな５人の兄弟がいたのだがそれは…。名前は門松と菊松と平松と徳松と捨松らしい。『第四話　実松はどれだ』も気になります！"
609,1,154,"おそ子"
610,2,154,"13話"
611,3,154,"じょし松さん"
612,4,154,"「頼れるサバサバ系って言われてるけど、これでもかわいいとこあるんだぞ！」スーツ姿のOL風女子。ねえさんと呼ばれ慕われているが実際は…"
613,1,155,"カラ子"
614,2,155,"13話"
615,3,155,"じょし松さん"
616,4,155,"「やるじゃん！アタシについてこれるなんてっ！合格！！」スポーツインストラクター風女子。言動もおっさん臭く、野生動物レベル。"
617,1,156,"チョロ子"
618,2,156,"13話"
619,3,156,"じょし松さん"
620,4,156,"「おたくはチビ×ダヨ？ダヨ×チビ？NGなのはイヤ×ハタだから！」眼鏡をかけたオタク女子。やばい妄想はもはや日常的。"
621,1,157,"一子"
622,2,157,"13話"
623,3,157,"じょし松さん"
624,4,157,"「生きるってソウルとボディのバランスよね。意味わかる～？」スピリチュアル風女子。じょしになっても皮肉さは変わらず。口臭はドブの臭い。"
625,1,158,"十四子"
626,2,158,"13話"
627,3,158,"じょし松さん"
628,4,158,"「さっきあの人見ちゃった！若くてハンサムでイケメンで俳優の男のひ♪と♪」ガングロギャル風女子。ウソ泣きで注意を引くかまってちゃん。"
629,1,159,"トド子"
630,2,159,"13話"
631,3,159,"じょし松さん"
632,4,159,"「みんなみんな！地球って宇宙船に乗る仲間たちなんだよね！」山ガール風女子。暇があれば松尾山へ訪れる。見かけとは裏腹にあざとくエグい。"
633,1,160,"じょし松たちの合コン？"
634,2,160,"13話"
635,3,160,"じょし松さん"
636,4,160,"合コンのために集まった６人は待つ間にゲスなガールズトークを繰り広げ険悪なムードに…。仲直りしたところで男性からの悲しい着信が…"
637,1,161,"負けた長男に愛のキス"
638,2,161,"14話"
639,3,161,"風邪ひいた"
640,4,161,"「一松兄さん風邪うつしてあげて。」トド松にそう言われて一松がとった行動は濃厚なキス…。その結果「しんぶんしっ！」"
641,1,162,"闇人形の看病（調教）"
642,2,162,"14話"
643,3,162,"風邪ひいた"
644,4,162,"「ギンギンにした冷たいタオルがほしいんだろ？」一松様のドSっぷりな看病！「これがいいんだろ？え？早く風邪を治せブタども！」"
645,1,163,"十四松病？"
646,2,163,"14話"
647,3,163,"風邪ひいた"
648,4,163,"分裂した十四松により風邪は治ったが…「十四松はひとりで十分なんです！」母の言うことはごもっとも。十四松ですら「まじうるさいね！」。"
649,1,164,"ワントゥースリー…ニャッ！"
650,2,164,"14話"
651,3,164,"トド松のライン"
652,4,164,"ウインドの音…を聞いている俺。スカイの香り…を嗅いでいる俺。そしてサンシャイン…を浴びている俺。おりてくる！いや、自分がおちた。"
653,1,165,"ドライモンスター　トッティ"
654,2,165,"14話"
655,3,165,"トド松のライン"
656,4,165,"ジム通い、囲碁教室通い、富士山登山を隠していたトッティは人に興味が持てないドライモンスター？一松博士いわく心が乾ききった化け物。"
657,1,166,"トド松のすべて"
658,2,166,"14話"
659,3,166,"トド松のライン"
660,4,166,"「隠し事は一切しない！」へそのしわフェチのトッティはちょーど良いラインがわからない。兄弟ランキングはみんな一位な辺りもあざといねぇ！"
661,1,167,"松野高校　チョロ松教頭"
662,2,167,"14話"
663,3,167,"チョロ松先生"
664,4,167,"トド松先生が企画した文化祭の改善点を指摘する気にしすぎなチョロ松教頭。だからAV機器だってば！そしてなぜか教える頭に過敏に反応！"
665,1,168,"2クール目タイトル"
666,2,168,"2クールOP"
667,3,168,"オープニング"
668,4,168,"2クール目のオープニングタイトル画面。どっかでみたことあるようなお店がいっぱい！シックスランはここからはじまる？"
669,1,169,"シックスラン"
670,2,169,"2クールOP"
671,3,169,"オープニング"
672,4,169,"宇宙？をひた走る６人。走り方にもしっかりと個性が出ています。デカパンやチビ太、ハタ坊を避けて走れ！"
673,1,170,"いっシェー！２"
674,2,170,"2クールOP"
675,3,170,"オープニング"
676,4,170,"モアイからイヤミが現れてみんなでシェージャンプ！1クール目はスーツだったのに対しこちらはパーカーでシェー。橋本にゃーちゃんもいるぞ！"
677,1,171,"みんなでラン"
678,2,171,"2クールOP"
679,3,171,"オープニング"
680,4,171,"主要なキャラクターが勢ぞろい！この後は名前もないキャラクターや城や乗り物まで登場。それにしてもイヤミの走り方がオネエすぎる…。"
681,1,172,"ついにオープニングではだか"
682,2,172,"2クールOP"
683,3,172,"オープニング"
684,4,172,"あの広い宇宙の星は十四松の鼻息だった？なぜかトド松の口からは金魚、一松の口からはちょうちょが。カラ松はお風呂でもイタかった！"
685,1,173,"チョークONパーカー"
686,2,173,"2クールED"
687,3,173,"エンディング"
688,4,173,"1クール目のおでんにからし絵とは変わり、チョーク絵に変更！パーカーの動きが絶妙。エンディングでもトト子からひどい扱いを受ける６つ子。"
689,1,174,"イケメン制服大集合"
690,2,174,"原作なし"
691,3,174,"スペシャル"
692,4,174,"６つ子イケメン制服バージョン大集合！彼らはなんと赤塚財閥の御曹司の６つ子なんです！どこぞのニートとは違います！"
693,1,175,"SD６つ子大集合"
694,2,175,"原作なし"
695,3,175,"スペシャル"
696,4,175,"こんなに持ち運びしやすそうな６つ子だったら、いつも連れて歩きたい！養いたい！「パズ松さん」でSD６つ子が大活躍中！"
697,1,176,"アニメティザービジュアル"
698,2,176,"原作なし"
699,3,176,"スペシャル"
700,4,176,"伝説の６つ子が帰ってきた！しかも大人になって…！…でもやっぱり６つ子はバカだった。まだハッキリした個性がわかりずらい？"
701,1,177,"お花見"
702,2,177,"原作なし"
703,3,177,"描き下ろし"
704,4,177,"「花より団子」ということわざがあるけれど、カラ松の場合は「花よりも団子よりも自分」？いつもの事に呆れる一松。弁当を狙われてるぞ！"
705,1,178,"アプリメインビジュアル"
706,2,178,"原作なし"
707,3,178,"描き下ろし"
708,4,178,"本アプリのメインビジュアル！６つ子が仲良く1つずつライフを使えるように上限を６個にしました！イヤミは『シェー！の練習』でＥ判定…"
709,1,179,"これがほんとのむつごおとし"
710,2,179,"原作なし"
711,3,179,"描き下ろし"
712,4,179,"『むつごおとし』の積み木の最上には実は６つ子が乗っていた！？実はみんなが積み木をはじくたびに６人はビックリしてるんだよ。"
713,1,180,"容疑者VSパチンコ警察"
714,2,180,"原作なし"
715,3,180,"描き下ろし"
716,4,180,"パチンコ警察に見つかったトド松。果たしてどこまで逃げ続けられるか？制服はアプリオリジナルで各テーマカラーに！十四松の帽子も黄色です。"
717,1,181,"ハッスルしすぎた川登り"
718,2,181,"原作なし"
719,3,181,"描き下ろし"
720,4,181,"なぜか川を全力で泳いでいく十四松！そのジャンプはマッスル超人的！これが本当のバタフライ！聖澤庄之助も泳ぎたがってるよ。"
721,1,182,"シェー！！！！な連中"
722,2,182,"原作なし"
723,3,182,"描き下ろし"
724,4,182,"おいおい、イヤミ。それを出すのはさすがに反則だって。そんなもん出すから６つ子全員がマジなシェー！！練習どころじゃありません！"
725,1,183,"巨大おでんくずし"
726,2,183,"原作なし"
727,3,183,"描き下ろし"
728,4,183,"伝説の６つ子が帰ってきた！しかもおでんくずしのボスになって…！チビ太の挑戦はここから始まる！さぁステージいくつまでいけるかな？"
729,1,184,"バイク走～服屋へ～"
730,2,184,"原作なし"
731,3,184,"描き下ろし"
732,4,184,"なぜかあめりかを目指している６つ子はなぜか服を失った！？決死のヒッチハイクに挑戦！結果デカパンとダヨーンと同レベルでした。"
733,1,185,"こどもの日"
734,2,185,"原作なし"
735,3,185,"描き下ろし"
736,4,185,"あざといトド松のかしわ餅につられて泳ぐ十四松こいのぼり。「ほらほら十四松兄さん、もっと頑張ってよ♪」なんか昔話の絵みたいだね！"
737,1,186,"GWの思い出"
738,2,186,"原作なし"
739,3,186,"描き下ろし"
740,4,186,"過激な2人乗りジェットコースター！おそ松は嫌がるチョロ松の手を無理やり…「やめてよ！おそ松兄さん！」。後ろには我らがフジヤマ！"
741,1,187,"6つ子の誕生日会"
742,2,187,"原作なし"
743,3,187,"描き下ろし"
744,4,187,"今日は６つ子の誕生日会で全員集合！ほろ酔い気分で絡んでくるおそ松に赤塚先生はちょっと困り気味？６人ともお誕生日おめでとう♪"
745,1,188,"赤塚財閥　松野おそ松"
746,2,188,"3.5話"
747,3,188,"松汁"
748,4,188,"鉄壁リーダー！さわやかジャスティス！な松野おそ松は全裸で寝ちゃってるんですね！気持ちのいい朝を迎えられそうです。"
749,1,189,"赤塚財閥　松野カラ松"
750,2,189,"3.5話"
751,3,189,"松汁"
752,4,189,"狙った獲物は一撃必中！肉食系肉！「風が…泣いている。」さすがいつでもクールな松野カラ松。"
753,1,190,"赤塚財閥　松野チョロ松"
754,2,190,"3.5話"
755,3,190,"松汁"
756,4,190,"ハーバード大学準教授！ビューティージーニアス！「IMFが僕のブレーンに挑戦しようというのですか？」インテリな松野チョロ松。"
757,1,191,"赤塚財閥　松野一松"
758,2,191,"3.5話"
759,3,191,"松汁"
760,4,191,"カリスマ的求心力！ミステリアスクール！「うっ・・・あっ・・・」ピンチでもかっこいい松野一松。それにしても何で縛られているの？"
761,1,192,"赤塚財閥　松野十四松"
762,2,192,"3.5話"
763,3,192,"松汁"
764,4,192,"一万人切りの王子様！スウィートプリンス！「トト菊…そろそろ…」こんな時でも雅に決める松野十四松。"
765,1,193,"赤塚財閥　松野トド松"
766,2,193,"3.5話"
767,3,193,"松汁"
768,4,193,"奇跡のルックス！キューティーフェアリー！「チュッ♪」いつでもどこでも可愛くおしゃれな松野トド松。"
769,1,194,"Ｆ６ トップメンコンテスト"
770,2,194,"3.5話"
771,3,194,"松汁"
772,4,194,"今までの映像はコンテスト審査用オフショットだった！あなたは誰に投票する？それにしてもステージでパン１とは…さすがスーパーアイドル！"
773,1,195,"松汁の奇跡の効果"
774,2,195,"3.5話"
775,3,195,"松汁"
776,4,195,"栄養素とナニな成分をナニしてナニした赤塚印の松汁でギャグキャラに悩んでいた６つ子はどこに出しても恥ずかしくないイケメンに！買います！"
777,1,196,"新品のおそ松！"
778,2,196,"3.5話"
779,3,196,"童貞なヒーロー"
780,4,196,"「自撮りの背後に全裸で写りこむ！」いくぞ、童貞の力を見せてやれ！…でもそんなことしたら普通に捕まっちゃうけどね！"
781,1,197,"新品のカラ松！"
782,2,197,"3.5話"
783,3,197,"童貞なヒーロー"
784,4,197,"「小学生が相手でも女子というだけで緊張！」上にあがれないから、上を下に引きずり落とすことで快楽を得ている正義？のヒーロー！"
785,1,198,"新品の十四松！"
786,2,198,"3.5話"
787,3,198,"童貞なヒーロー"
788,4,198,"「渋谷こわい！」でもバット持ってるヒーローのほうがこわいんですけど！？なぜかブリーフ１枚だし…松マークも肌に直接書いている！？"
789,1,199,"新品の一松！"
790,2,199,"3.5話"
791,3,199,"童貞なヒーロー"
792,4,199,"「…ころす。」「あの大学生をやつざきにすればいいんだね？」暗黒大魔界のヒーローなのか？かなりの闇を感じる…。"
793,1,200,"新品のトド松！"
794,2,200,"3.5話"
795,3,200,"童貞なヒーロー"
796,4,200,"「ギルガメ復活しろっ♪」「ごまかしたってダメ！君はわれわれ側の人間だ！」なんというむかつくヒーローなんだ…。"
797,1,201,"新品ブラザーズ参上！"
798,2,201,"3.5話"
799,3,201,"童貞なヒーロー"
800,4,201,"世の中の幸せ、全部抹消！新品ブラザーズ参上！…気をつけろ！ただのやばい集団だ！"
801,1,202,"星になった十四松"
802,2,202,"3.5話"
803,3,202,"童貞なヒーロー"
804,4,202,"「目が、目が、まぶしすぎる…」幸せの象徴（バーベキュー）を直視して死亡…。やはり最大の敵はリア充だったのか。"
805,1,203,"リア獣イチゲルゲ"
806,2,203,"3.5話"
807,3,203,"童貞なヒーロー"
808,4,203,"あれは…リアルな幸せ者たちを取って食う害獣、リア獣イチゲルゲ！ん？なんか背中にファスナーがあるんだけど…？"
809,1,204,"童貞ゴッド"
810,2,204,"3.5話"
811,3,204,"童貞なヒーロー"
812,4,204,"「新品のおそ松や、バーベキューを恐れるのでありません。」なんてすごい神なんだ・・・。少しでも可能性があったら全力でいく一松神！"
813,1,205,"松野十四松さん！"
814,2,205,"15話"
815,3,205,"面接"
816,4,205,"「顔に尻を近づけないでください。」「はい！」「あ、言えば止めてくれるんですね。」破天荒だけどとっても素直な十四松さん！好印象ですね！"
817,1,206,"変顔をやめましょうか！？"
818,2,206,"15話"
819,3,206,"面接"
820,4,206,"必死の変顔で面接に挑む十四松。「変顔はやめましょうか！？」と言われても止めないところは、十四松流のジョークかな？"
821,1,207,"どっか行かないでください"
822,2,207,"15話"
823,3,207,"面接"
824,4,207,"面接中に心ここにあらずの顔になった十四松。どっかいかないでください！戻ってきてください！モアイ？大仏？"
825,1,208,"チョロ松面接官"
826,2,208,"15話"
827,3,208,"面接"
828,4,208,"チョロ松面接官の頭を突然噛みだす十四松。「やめて！」と言われても無心で噛み続ける十四松の心はどこにあるのか…いやどこにもない。"
829,1,209,"十四松の履歴書"
830,2,209,"15話"
831,3,209,"面接"
832,4,209,"十四松の気になる履歴書。あ、ちょっとまって、自宅警備は学歴・職歴にはあたらないよ！"
833,1,210,"面接トス役一松"
834,2,210,"15話"
835,3,210,"面接"
836,4,210,"無言で面接会場に入ってくる一松。「誰だ、そいつ！十四松さん！」突然なトスバッティングで自己アピール！これは非常に好印象ですね！"
837,1,211,"カラ松社長とトド松秘書"
838,2,211,"15話"
839,3,211,"面接"
840,4,211,"「ふっ、彼は天才だ。いますぐ採ろう。」「本当素敵なお方」ってカラ松社長と２人とも話聞いてないの…！？"
841,1,212,"おそ松社員"
842,2,212,"15話"
843,3,212,"面接"
844,4,212,"「奴のペースに飲まれるなよ？」「ああ！」自信満々のおそ松社員。しかし本当に十四松をきちんと怒ることができるのだろうか…？"
845,1,213,"巨大化十四松"
846,2,213,"15話"
847,3,213,"面接"
848,4,213,"「さぁ、十四松さん。面接の続きを始めよ…」突然の巨大化十四松。こんなの一体どうやって怒ればいいんだ！？おそ松面接官もタジタジです！"
849,1,214,"ちゃんと走ってよ！"
850,2,214,"15話"
851,3,214,"じょし松さん 2"
852,4,214,"自分勝手な５人。旅館までのバスがもうすぐ出発するのにちゃんと走ってくれない。これじゃあ、バスに間に合わないよ！"
853,1,215,"不機嫌トド子"
854,2,215,"15話"
855,3,215,"じょし松さん 2"
856,4,215,"変な写真ばっかり撮ってることを指摘され、不機嫌になっちゃったトド子。これがきっかけにみんな単独行動に！どうしよう…？"
857,1,216,"おでん狂"
858,2,216,"15話"
859,3,216,"チビ太の花のいのち"
860,4,216,"「究極のおでん、それはみんなの心の中にあります。」チビ太はおでんのことを考えすぎて、遂にやばい境地へ！？"
861,1,217,"助けた花の恩返し？"
862,2,217,"15話"
863,3,217,"チビ太の花のいのち"
864,4,217,"「チビ太さん私とデートしてくれませんか？」「美人局なんてするもんじゃねー、バーロー。」そんな突然告白されたら誰でもビックリしちゃう。"
865,1,218,"嫉妬松"
866,2,218,"15話"
867,3,218,"チビ太の花のいのち"
868,4,218,"チビ太のことを嫉妬するカラ松。「この辺で枯れかけた花はどこですか？」と交番で聞いて逮捕されちゃった…。"
869,1,219,"おでんよりデート"
870,2,219,"15話"
871,3,219,"チビ太の花のいのち"
872,4,219,"遊園地にデートしにきたチビ太たち。デート中なのに、おでんのことばかり考えてしまうチビ太。そんなんじゃ嫌われちゃうぞ！"
873,1,220,"がんばれよ、バーロー"
874,2,220,"15話"
875,3,220,"チビ太の花のいのち"
876,4,220,"「いつかできたら、わたしのことも思い出してね。」「な、なんなんだよ。どういうことだよこれ！」突然の別れに戸惑うチビ太…"
877,1,221,"では、誓いのキスを"
878,2,221,"15話"
879,3,221,"チビ太の花のいのち"
880,4,221,"「カラ松、汝は健やかなる時も…」「誓います！！破ったら死ぬから！！」結婚式には誰も参列してないけど…末永くお幸せに。"
881,1,222,"猫カフェでバイト"
882,2,222,"16話"
883,3,222,"アバンタイトル"
884,4,222,"猫カフェでバイトする一松。「え！？そっちだったの！」でも、一松には猫としてのほうが天職かも？"
885,1,223,"F6 おそ松！"
886,2,223,"16話"
887,3,223,"松野松楠"
888,4,223,"ラブなローションで世界の濡らすF6おそ松登場！「よし、俺たちでみんなをぐっちょんぐっちょんにしてあげよう！」ローションを取り返せ！"
889,1,224,"F6 カラ松！"
890,2,224,"16話"
891,3,224,"松野松楠"
892,4,224,"みんなだってぬるぬるしたいよな、F6カラ松登場！「無限の可能性があるのに。」息を吹きかけて敵を倒す姿はクールすぎる！"
893,1,225,"F6 チョロ松！"
894,2,225,"16話"
895,3,225,"松野松楠"
896,4,225,"どぅるっどぅるを取り戻すためにF6 チョロ松参上！「いいこだね。」敵をも受け止める度量の広さ。こんな風にされたら惚れちゃうよね。"
897,1,226,"F6 一松！"
898,2,226,"16話"
899,3,226,"松野松楠"
900,4,226,"ねっちょねちょを独り占めするなんて許せない！F6一松参上！「わかった。もう好きにしろよ。」降参したかに見せかけて敵を虜にするなんて。"
901,1,227,"F6 十四松！"
902,2,227,"16話"
903,3,227,"松野松楠"
904,4,227,"F6十四松参上！「そんなに待ちきれないのかい？子猫ちゃん。」そして華麗にキス。敵にキスしてやっつけちゃうなんて、とっても斬新！"
905,1,228,"F6 トド松！"
906,2,228,"16話"
907,3,228,"松野松楠"
908,4,228,"殴ってきた相手の拳の痛みを分かってあげるなんて！F6トド松参上！「あっ…」殴られても、つぶらな瞳で敵を誘惑。さすがあざとい！"
909,1,229,"ローションの正しい使い方"
910,2,229,"16話"
911,3,229,"松野松楠"
912,4,229,"「ワスはまちがっていたダス。」遂にローションの正しい使い方！？に気づいたデカパンたち。これできっと平和な世界が訪れる。"
913,1,230,"ローションで戯れる２人"
914,2,230,"16話"
915,3,230,"松野松楠"
916,4,230,"「やったな！トド松！」大量のローションで戯れるチョロ松とトド松。本当に楽しそうだ！ぬるぬるねちょねちょ感がすごい。"
917,1,231,"世界を救った６人の救世主"
918,2,231,"16話"
919,3,231,"松野松楠"
920,4,231,"こうして世界は救わ…救われ…たのか？「え？救われましたよね？」みんなの心をぬるぬるにしたF6たち、ありがとうございました！"
921,1,232,"カラ…一松？"
922,2,232,"16話"
923,3,232,"一松事変"
924,4,232,"やっぱりカラ松の格好が気になっていたんだ！カラ松の格好した一松、これ案外きまってるよね！？さすがパーフェクトファッション！"
925,1,233,"本当にカラ松？"
926,2,233,"16話"
927,3,233,"一松事変"
928,4,233,"「普段そう思われたら地獄だけど…」カラ松のフリにとりあえず成功？した一松！このままおそ松を騙し通せるのか！？"
929,1,234,"ノープランだ！？"
930,2,234,"16話"
931,3,234,"一松事変"
932,4,234,"「いつもとやり方違くない？」正しいノープランのやり方ってあったの？いったいどんなやり方なんだ！根本がイタくないと難しい？"
933,1,235,"寝起きカラ松が見たものは…"
934,2,235,"16話"
935,3,235,"一松事変"
936,4,235,"「嘘だろ…嘘だろ！」目を覚ましてしまったカラ松。目の前には自分の格好をした一松が何故か立っていて…。"
937,1,236,"おたがい大ショック！"
938,2,236,"16話"
939,3,236,"一松事変"
940,4,236,"「えー！？」自分のパーフェクトファッションを何故一松が…とカラ松。バレてしまった…と一松。どっちも驚きますよそりゃ！"
941,1,237,"一…カラ松？"
942,2,237,"16話"
943,3,237,"一松事変"
944,4,237,"「起きただにゃー、まだ眠いにゃー」一松のモノマネが下手なカラ松。でもカラ松の優しさに触れた一松は、カラ松ボーイズに！"
945,1,238,"お邪魔しました"
946,2,238,"16話"
947,3,238,"一松事変"
948,4,238,"「やめてよ、カラ松兄さん…。」着替え時にバランスを崩した二人。おそ松兄さんに目撃されて絶体絶命！？"
949,1,239,"エフシックスラン"
950,2,239,"原作なし"
951,3,239,"描き下ろし"
952,4,239,"おそ松さん2クール目オープニング？と思ったらイケメン６つ子の全力疾走だ！イケメン揃いのシックスランならぬ、エフシックスラン！"
953,1,240,"北へ～兄さんめくれてる！～ "
954,2,240,"原作なし"
955,3,240,"描き下ろし"
956,4,240,"なぜかあめりかを目指している６つ子はなぜか服を失った！？決死のヒッチハイクに挑戦！結果デカパンとダヨーンと同レベルでした。あれれ！？"
957,1,241,"梅雨晴れにかかった虹"
958,2,241,"原作なし"
959,3,241,"描き下ろし"
960,4,241,"雨上がりに虹を見つけた十四松は「一松兄さん！にじ！にじ！」。それを見て一松もうれしそう！エスパーニャンコはカエルと追っかけっこ。"
961,1,242,"ティザービジュアル…!?"
962,2,242,"原作なし"
963,3,242,"描き下ろし"
964,4,242,"あれ？みなれた絵だけど…なにかが違うぞ。こんな風に並んでみたら、サブキャラだって主役になれる！？6つ子は服まで奪われて悔しそう！"
965,1,243,"６つ子の海開き パズ松ver"
966,2,243,"原作なし"
967,3,243,"描き下ろし"
968,4,243,"あの『パズ松さん』でおなじみの水着スタイルで決める６つ子は今年初の海を満喫中！ニートが海を独占中！？１人だけ空を楽しんでますが。"
969,1,244,"七夕 秘密の願い事"
970,2,244,"原作なし"
971,3,244,"描き下ろし"
972,4,244,"願いを書いて飾ろうとするチョロ松。「何を書いたの？」トド松に聞かれたけど見られるのは恥ずかしい！そういうあなたは織姫コス！？"
973,1,245,"全力夏休み！"
974,2,245,"原作なし"
975,3,245,"描き下ろし"
976,4,245,"遊びに行きたいおそ松は「早く行こうぜ！」とカラ松をせかすけど…キーン頭痛中？キラキラサンダルはイタいけど麦わら帽子はかっこいいかも！"
977,1,246,"ラッセーラ！"
978,2,246,"17話"
979,3,246,"十四松まつり"
980,4,246,"「ラッセーラ！ラッセーラ！」というかけ後をあげなら山車燈籠を引いていく十四松たち。すごい大きさの十四松だ！"
981,1,247,"十四松まつりだー！"
982,2,247,"17話"
983,3,247,"十四松まつり"
984,4,247,"「うわー！十四松まつりだー！」と驚く５人。さらに突然チョロ松以外みんな変身しちゃった。十四まつりってこういうことだったの！？"
985,1,248,"爆弾処理班はまだか？"
986,2,248,"17話"
987,3,248,"十四松と爆弾"
988,4,248,"「おい、まだか！？何をやっているんだ、爆弾処理班は…！」爆弾処理班を待つ二人。そこに現れたのは・・・"
989,1,249,"完全防備十四松"
990,2,249,"17話"
991,3,249,"十四松と爆弾"
992,4,249,"「なんかいたな。」「いましたね。」見てはいけないものがそこにはいた！？「爆弾を処理しに来ました。」って銃で処理！？"
993,1,250,"我慢できな～～い！"
994,2,250,"17話"
995,3,250,"十四松と夜食"
996,4,250,"「あ～～我慢できな～～い！」。ラーメンを我慢するためにお互いを縛ったら動けなくなった。うん、縄が麺に見えてきた！"
997,1,251,"BL！？"
998,2,251,"17話"
999,3,251,"十四松とコミケ"
1000,4,251,"「なに売ってんの？BL！？」ビックリしたけど、実はベースボールのことだった。同担拒否ならどうして販売していたの！？"
1001,1,252,"ね、間に合ったでしょ？"
1002,2,252,"17話"
1003,3,252,"十四松と移動"
1004,4,252,"「間に合う間に合う～」と言って余裕の十四松。まさかカラ松兄さんを飛ばして乗って移動するとは…。なんかどっかで見たことあるような…"
1005,1,253,"とぼけるカラ松"
1006,2,253,"17話"
1007,3,253,"十四松とヒミツ"
1008,4,253,"「なに？2人でパチンコ行った？」とトド松に聞かれトボけるカラ松。でも十四松の頭の中は本当にパチンコ（玉）でいっぱいだった！"
1009,1,254,"概念になった十四松"
1010,2,254,"17話"
1011,3,254,"十四松と概念"
1012,4,254,"「な～んだ自我とか自己認識とか存在意義とか。案外ちっちゃくてどうもいいことなんだ」という十四松。とっても哲学ですね…。"
1013,1,255,"十四松だよ"
1014,2,255,"17話"
1015,3,255,"十四松と手術"
1016,4,255,"「あ…あなたは…？」というトト子の声とともに颯爽と現れた十四松。プロ野球選手でもない…結局あなたは一体、誰なんですか！？十四松だよ！"
1017,1,256,"おそ松博士と十四松助手"
1018,2,256,"17話"
1019,3,256,"十四松と研究"
1020,4,256,"「これは何の薬ですか？」と尋ねる十四松に「まったくわからん！」と答えるおそ松。そんなヤバい薬を飲んじゃって十四松は大丈夫…？"
1021,1,257,"夢のような場所へ"
1022,2,257,"17話"
1023,3,257,"十四松パン"
1024,4,257,"「ねえ、十四松パン、どこに行くの？」トト子が尋ねると、「夢のような場所だよ」と答える十四松パン。しかし連れて行かれた場所は…。"
1025,1,258,"バッチこ～い！"
1026,2,258,"17話"
1027,3,258,"十四松と薬"
1028,4,258,"「ドーピングしてくれない？」「ホエ～　それはいい考えだす」ってちょっとそれはマズイんじゃ…？それにしてもいいケツしてるねぇ！"
1029,1,259,"ドーピング成功？"
1030,2,259,"17話"
1031,3,259,"十四松と薬"
1032,4,259,"デカパン博士の謎の薬でドーピングに成功した？十四松。しかしその効果はすぐに切れ、悲しい結果になるのであった…。"
1033,1,260,"いつから十四松？"
1034,2,260,"17話"
1035,3,260,"十四松"
1036,4,260,"「十四松ってさ、いつからあんな感じになったの？」確かめるためにアルバムを見てみる５人。一体いつから十四松は十四松なのか？"
1037,1,261,"十四松デビュー"
1038,2,261,"17話"
1039,3,261,"十四松"
1040,4,261,"「中1…中2…中3…高1…」ん！？十四松は高1から十四松になったのか？高校で十四松デビューって一体何があったの？"
1041,1,262,"生まれた時から"
1042,2,262,"17話"
1043,3,262,"十四松"
1044,4,262,"「ねえ待って！これ見て！」というトド松によって衝撃時の事実が！まさか生まれた時から十四松は十四松デビューしていた？"
1045,1,263,"飲みに行こう"
1046,2,263,"17話"
1047,3,263,"十四松"
1048,4,263,"十四松は赤ん坊の頃から十四松だった！？まさかの展開に驚愕する５人…。おそ松兄さんの飲みに行こうに全員一致の「うぃ」で決定！"
1049,1,264,"声量注意！"
1050,2,264,"18話"
1051,3,264,"じょし松さん"
1052,4,264,"結婚式に招待され好き勝手に話す、おそ子たち。好き勝手お話しするのはいいけど、声の大きさには注意ねっ！"
1053,1,265,"帰るまで待てない！"
1054,2,265,"18話"
1055,3,265,"じょし松さん"
1056,4,265,"「ちょ、チョロ子！家に帰るまでが披露宴だよ！？」とおそ子に言われても引き出物をあけるのをやめないチョロ子。ほら言わんこっちゃない…"
1057,1,266,"逆襲のイヤミ"
1058,2,266,"18話"
1059,3,266,"逆襲のイヤミ"
1060,4,266,"かつての『おそ松くん』と言えばイヤミが主役だったのに、『おそ松さん』では人気は低迷？出番も激変？イヤミの逆襲がこれから始まる。"
1061,1,267,"アイドルはじめました"
1062,2,267,"18話"
1063,3,267,"逆襲のイヤミ"
1064,4,267,"６つ子なのに個性が…そしてアイドルまで。完全に主役の座を奪われたイヤミ。イヤミが主役の座を奪うことはできるのか？"
1065,1,268,"気になるルール"
1066,2,268,"18話"
1067,3,268,"逆襲のイヤミ"
1068,4,268,"おそ松さん主役争奪レースが始まった。気になるルールは一瞬しか表示されていない！？これじゃ誰も読めないけど…色々と問題なルールです。"
1069,1,269,"No.1 おそカート"
1070,2,269,"18話"
1071,3,269,"逆襲のイヤミ"
1072,4,269,"「エントリーナンバー1番、松野おそ松、マシンはおそカート、名前的に遅いのかもしれません。」物をぶつけらてるから好感度が低いみたい。"
1073,1,270,"No.2 カラ松 A GO GO"
1074,2,270,"18話"
1075,3,270,"逆襲のイヤミ"
1076,4,270,"「フッ、主役か…いいだろう引き受けた。俺が主役になったら新アニメ…」と自己紹介するカラ松、今回もスルーされた…。"
1077,1,271,"No.3 チョロシコスキー"
1078,2,271,"18話"
1079,3,271,"逆襲のイヤミ"
1080,4,271,"「フォッフォッフォッ！超絶可愛いよトト子ぉ～～！」と正気じゃないシコ松。さすが気合いが違いますね。"
1081,1,272,"No.4 ドテラねこ"
1082,2,272,"18話"
1083,3,272,"逆襲のイヤミ"
1084,4,272,"「いや紹介とかいいよ…主役？ムリムリムリ、人に注目されたくないんだから。」カートの名前が途中で戻っちゃうくらいのやる気のなさ！"
1085,1,273,"No.5 ザ・ブルペン"
1086,2,273,"18話"
1087,3,273,"逆襲のイヤミ"
1088,4,273,"「一番速いのは僕だよ。」と意気込む十四松。おそらくレースの趣旨を理解していません…。大丈夫でしょうか！？いや、大丈夫じゃない！"
1089,1,274,"No.6 トッティ ワゴン"
1090,2,274,"18話"
1091,3,274,"逆襲のイヤミ"
1092,4,274,"「ドライブどこ行く？滝、見に行く？僕ね滝見るのが趣味なんだ。」に「初耳です。そういう事は言っといて下さいトッティ。」とツッコミ解説！"
1093,1,275,"No.7 デビルシャーク"
1094,2,275,"18話"
1095,3,275,"逆襲のイヤミ"
1096,4,275,"「え～っ！？勝ったら主役だって、どうしよう～…」とトト子はいうけど、明らかに殺る気まんまんだよね…これ。"
1097,1,276,"No.8 赤提灯てやんでい"
1098,2,276,"18話"
1099,3,276,"逆襲のイヤミ"
1100,4,276,"「オイラが優勝だバーロー！！来週からおでんの料理番組にしてやるぜコンチクショー！！」と意気込むけれど、そんな需要は無いと思います。"
1101,1,277,"No.9 ベストフレンド"
1102,2,277,"18話"
1103,3,277,"逆襲のイヤミ"
1104,4,277,"デカパン「ホエー。争い事は苦手ダス。」ダヨーン「楽しくドライブするよ～ん。」争い事が嫌い？な二人はとっても仲良しベストフレンド！"
1105,1,278,"No.10 スーパーフラッグ"
1106,2,278,"18話"
1107,3,278,"逆襲のイヤミ"
1108,4,278,"「みんな社員になるジョー！！」と金に物を言わせたマシンのハタ坊。ライバルのケツを狙っているって本当！？"
1109,1,279,"あの人も参加！？"
1110,2,279,"18話"
1111,3,279,"逆襲のイヤミ"
1112,4,279,"お父さんお母さん、アイダ、サッチン、橋本にゃー、実松さんなど実は多くのキャラが参加していた！これは楽しみ！！"
1113,1,280,"イヤミ・ジ・エンド"
1114,2,280,"18話"
1115,3,280,"逆襲のイヤミ"
1116,4,280,"「ここでこのレースの言い出しっぺ、イヤミの登場です。マシンは陸上対人殺戮戦闘車両イヤミ・ジ・エンド！」これ本当に車なの？"
1117,1,281,"細工しておいただよ～ん"
1118,2,281,"18話"
1119,3,281,"逆襲のイヤミ"
1120,4,281,"レース開始して自爆してしまったイヤミ。デカパンとダヨーンの仕業のようだ。世の中で一番コワイ存在、それは本気を出したオジサンだった！？"
1121,1,282,"完全に悪魔"
1122,2,282,"18話"
1123,3,282,"逆襲のイヤミ"
1124,4,282,"「げへへ～、人気が欲しいんじゃ～！出番が～っ！主役主役ぅぅぅ～！！」遂にトト子が本性剥き出し！もう誰も止めることはできない！"
1125,1,283,"F6沼"
1126,2,283,"18話"
1127,3,283,"逆襲のイヤミ"
1128,4,283,"「ありがとーございま～～す！！」と全力でF6沼に飛び込むトト子。さすがF6、あのトト子ちゃんを魅了するとは。"
1129,1,284,"安定の老後"
1130,2,284,"18話"
1131,3,284,"逆襲のイヤミ"
1132,4,284,"「ああああ一番欲し～～っ！！」と安定の老後に飛び込むおとうさんとおかあさん。やっぱり息子が全員ニートだと老後が心配だよね。。"
1133,1,285,"スタンスは変えないぜ"
1134,2,285,"18話"
1135,3,285,"逆襲のイヤミ"
1136,4,285,"ボロボロになりながらもカッコつけ続けるカラ松。でも花の精？に抱きつかれて爆発してしまう。早く逃げて！"
1137,1,286,"コイツもクズだった"
1138,2,286,"18話"
1139,3,286,"逆襲のイヤミ"
1140,4,286,"「あとはお前さえ殺れば、俺が主役をキープでしょ？」おそ松の全くぶれないクズっぷりが清々しい！"
1141,1,287,"家宝が優勝！"
1142,2,287,"18話"
1143,3,287,"逆襲のイヤミ"
1144,4,287,"「なんと！勝ったのは聖澤庄之助！大逆転！来週からの新たな主役に決定です！！」本当に次回から聖澤は主役になるのか！？"
1145,1,288,"新番組 聖澤庄之助さん"
1146,2,288,"19話"
1147,3,288,"しどう聖澤庄之助さん"
1148,4,288,"聖澤17つ子が主役に！？だったのだが制作サイドの都合で、すぐ打ち切りに…。理由はまさかのネタ切れ。いや、そりゃそうでしょう！"
1149,1,289,"岡っぴきチビ太"
1150,2,289,"19話"
1151,3,289,"時代劇 おそ松さん"
1152,4,289,"聖澤庄之助が倒れているのを見つけたチビ太。でも「てやんでバーローチキショー!」しか言えず、おそ松に伝えることが出来なかった…。"
1153,1,290,"グラサン風来坊"
1154,2,290,"19話"
1155,3,290,"時代劇 おそ松さん"
1156,4,290,"いじめられているハタ坊を助けようとするカラ松。華麗な刀さばきだったが、切ったのは自分とハタ坊だった…。坊主似合ってるね！"
1157,1,291,"ビビり代官トド松"
1158,2,291,"19話"
1159,3,291,"時代劇 おそ松さん"
1160,4,291,"井矢見屋が何を持ってきたのか気にする代官トド松。爆弾じゃないかと疑い続けた結果、やっぱり爆弾だった！！"
1161,1,292,"松尾バショーン"
1162,2,292,"19話"
1163,3,292,"時代劇 おそ松さん"
1164,4,292,"どれも素敵な句なのに、字余りなんだよーん。どうしても「だよ?ん」を最後につけないと気が済まないのかな！？だよーんだけで4文字だよ！"
1165,1,293,"くノ一 トト子"
1166,2,293,"19話"
1167,3,293,"時代劇 おそ松さん"
1168,4,293,"「またやってる！シコ松！それ私が水遁の術で使う竹筒でしょ！？返しなさい！」とトト子に怒られるチョロ松。またって…常習犯だ！"
1169,1,294,"絶対に渡さない！"
1170,2,294,"19話"
1171,3,294,"時代劇 おそ松さん"
1172,4,294,"くノ一のトト子ちゃんから鞭で怒られても決して竹筒を手放さないチョロ松。泣いて抵抗するがトト子ちゃんは決して許してくれないぞ！"
1173,1,295,"忍者シコ松"
1174,2,295,"19話"
1175,3,295,"時代劇 おそ松さん"
1176,4,295,"忍術をトト子ちゃんの私物を盗むことばかりに使っている忍者シコ松。本当にそれでいいのか？ってトト子ちゃんなんでろうそく持っているの…。"
1177,1,296,"デカパン裁き"
1178,2,296,"19話"
1179,3,296,"時代劇 おそ松さん"
1180,4,296,"自称母親たちに「自分が本物だと言うのなら、その子のほっぺを引っ張り合うダス」というが二人とも手を離さないのであった。びろ～ん！"
1181,1,297,"円盤屋敷"
1182,2,297,"19話"
1183,3,297,"時代劇 おそ松さん"
1184,4,297,"大量のDVDを数え続け１枚足りないと叫ぶトド松。そんなに持っているなら、もう１枚くらいよくない？と思うけどその１枚が重要なんだよね！"
1185,1,298,"十四松太子"
1186,2,298,"19話"
1187,3,298,"時代劇 おそ松さん"
1188,4,298,"多くの人間が一斉に話しかけても誰が何を言ったか全て聞き分けることが出来るらしい十四松太子様。でも大勢に話しかけられてかなりご立腹！"
1189,1,299,"もう晩年"
1190,2,299,"19話"
1191,3,299,"じょし松さん"
1192,4,299,"「もう年相応にね」なんて言いながらも、イケメンがいると知るや夢中になるおそ子たち。気持ちはまだまだとってもお若いご様子？"
1193,1,300,"だから言わなくていいって！"
1194,2,300,"19話"
1195,3,300,"チョロ松ライジング"
1196,4,300,"チョロ松の「いきなり就活って言っても無理があるから、まずは町に出てフリーハグから始めようかと」発言にショックを受けるおそ松とトド松。"
1197,1,301,"小さい自意識"
1198,2,301,"19話"
1199,3,301,"チョロ松ライジング"
1200,4,301,"自意識ライジングしているチョロ松に自分の自意識をみせるおそ松。見た目はしょっぼいけど扱いやすそう！"
1201,1,302,"キラキラ自意識"
1202,2,302,"19話"
1203,3,302,"チョロ松ライジング"
1204,4,302,"バイト先で大学生ってウソついちゃうトド松の自意識。キラキラ感がまたあざといね！でも自分で扱えるくらいの大きさだね。"
1205,1,303,"傷あり自意識"
1206,2,303,"19話"
1207,3,303,"チョロ松ライジング"
1208,4,303,"誰も見ていないことを確認して自意識を埋める一松。自意識を見ているときの顔は悲しそう。どうして埋めてしまったんだろう？"
1209,1,304,"透き通った自意識"
1210,2,304,"19話"
1211,3,304,"チョロ松ライジング"
1212,4,304,"カラ松の透き通った自意識は綺麗！フリーハグに挑戦するが誰も立ち止まっていないみたい…。"
1213,1,305,"漂う自意識"
1214,2,305,"19話"
1215,3,305,"チョロ松ライジング"
1216,4,305,"宇宙に浮かぶ十四松の自意識。シャボン玉みたい自意識の中に十四松が座っている。十四松の自意識はやっぱり謎に包まれているね…。"
1217,1,306,"自意識ビッグバン"
1218,2,306,"19話"
1219,3,306,"チョロ松ライジング"
1220,4,306,"「そこはダブルクリックで。えぇ右クリックして頂いて…次に左クリック。」とんでもないバケモノになってしまったチョロ松。扱いが難しそう。"
1221,1,307,"おそ松銭湯シーン当て"
1222,2,307,"原作なし"
1223,3,307,"スペシャル"
1224,4,307,"司会者のおそ松兄さん！さすが進行がとてもうまいよね！原作のあのとんでもない●●●当てクイズを考えたのもきっと…さすが兄さん！"
1225,1,308,"カラ松銭湯シーン当て"
1226,2,308,"原作なし"
1227,3,308,"描き下ろし"
1228,4,308,"マイクスタンド…さらにピンマイク装着とステージごとに司会者がレベルアップする銭湯シーン当てのはじまりだ！お風呂でグラサンは危ないぞ。"
1229,1,309,"チョロ松銭湯シーン当て"
1230,2,309,"原作なし"
1231,3,309,"描き下ろし"
1232,4,309,"メガネをかけた真面目チョロ松は●●●当てクイズでは回答者だったけど司会者のほうが向いてそう！これで●●●クイズ出してきたらビックリ…"
1233,1,310,"一松銭湯シーン当て"
1234,2,310,"原作なし"
1235,3,310,"描き下ろし"
1236,4,310,"司会者には向いてなさそうな一松だったが…最終的にS気質が爆発！？どんな悪巧みを考えているのか。それにしてもエスパーニャンコこわい…"
1237,1,311,"十四松銭湯シーン当て"
1238,2,311,"原作なし"
1239,3,311,"描き下ろし"
1240,4,311,"ハッスルハッスルな十四松が司会者に！？ちゃんと進行できるのかな？ってマイクで遊んでいる…やっぱり最後までまじめには無理でした！"
1241,1,312,"トド松銭湯シーン当て"
1242,2,312,"原作なし"
1243,3,312,"描き下ろし"
1244,4,312,"さすがトド松。銭湯でもオシャレだね！でも裸に帽子とネクタイってちょっとレベル高すぎない？これかなり上級者向けのやつだよね？"
1245,1,313,"銭湯 のち 風呂上がり"
1246,2,313,"原作なし"
1247,3,313,"描き下ろし"
1248,4,313,"なかなか見れない銭湯での男6人の風呂上がりのご様子！コーヒー牛乳を飲む、髪を乾かす、などそれぞれ。あれ、一松とカラ松は…！？"
1249,1,314,"花火師６つ子"
1250,2,314,"原作なし"
1251,3,314,"描き下ろし"
1252,4,314,"キメ顔で振り返る６つ子たち！その向こうにはそれぞれの花火が綺麗に打ちあがっているね！それにしてもカラ松はぶれない！さすが！"
1253,1,315,"服を求めて…おそ＆カラ"
1254,2,315,"原作なし"
1255,3,315,"描き下ろし"
1256,4,315,"ヒッチハイクに失敗したおそ松とカラ松はカートに乗り込み、服屋を求めて走り出した。際どいから、紙が飛ばされないように注意して！"
1257,1,316,"服を求めて…一＆チョロ"
1258,2,316,"原作なし"
1259,3,316,"描き下ろし"
1260,4,316,"服屋を求めて走り出した一松とチョロ松。一松はコタツがあるから大丈夫そう？チョロ松は･･･これ上からみたら大変なやつ！？早く服屋へ！"
1261,1,317,"服を求めて…トド＆十四"
1262,2,317,"原作なし"
1263,3,317,"描き下ろし"
1264,4,317,"トド松と十四松も服屋を求めて走り出した！トッティワゴンもザ・ブルペンも裸で乗るには危なすぎる乗り物だ。スピードの出し過ぎは禁物だぞ！"
1265,1,318,"恐怖のきもだめし"
1266,2,318,"原作なし"
1267,3,318,"描き下ろし"
1268,4,318,"突然、ヌルっとした何かが頭にあたり怯えるカラ松。チョロ松は抱きつかれて大変！これはおそ松兄さんの仕業で、幽霊なんているわけ…あれ？"
1269,1,319,"夏祭りで金魚すくい！"
1270,2,319,"原作なし"
1271,3,319,"描き下ろし"
1272,4,319,"金魚すくいに夢中な十四松。二刀流だけどトド松との息はピッタリで百発百中キャッチ！そんな様子を見て楽しそうに微笑む一松。仲良し３人組！"
1273,1,320,"ケバブだジョー！"
1274,2,320,"20話"
1275,3,320,"教えてハタ坊"
1276,4,320,"すごくいい天気に仲良く散歩する一松と十四松はハタ坊のケバブ屋さんを発見！すげーうまいけど、これって何の肉？"
1277,1,321,"ハンバーガーだジョー！"
1278,2,321,"20話"
1279,3,321,"教えてハタ坊"
1280,4,321,"にゃーちゃんと絶対目があったと興奮気味のチョロ松はハタ坊のハンバーガー屋さんを発見！やっぱりすげーうまいけど、何の肉つかってるの？"
1281,1,322,"いつどこでいくらで買った？"
1282,2,322,"20話"
1283,3,322,"教えてハタ坊"
1284,4,322,"なんで釣り堀にそんな格好してくるんだろうねカラ松兄さんは！「ってか寒くない？」「フッ…凍え死にそうだ…」「馬鹿じゃん！？」"
1285,1,323,"焼肉だジョー！"
1286,2,323,"20話"
1287,3,323,"教えてハタ坊"
1288,4,323,"「なんだあれ？」釣り堀になぜかハタ坊のホルモン屋が登場し、例の肉を食べるカラ松＆トド松。うますぎるけど何の肉かはやっぱりわからない。"
1289,1,324,"うまければいいんだジョー！"
1290,2,324,"20話"
1291,3,324,"教えてハタ坊"
1292,4,324,"ステーキ、しゃぶしゃぶ、牛丼、すき焼き、ジンギスカン！？だから…何の肉なの？まじで何の肉だよこれ！おそ松兄さんが泣くほど気になる！"
1293,1,325,"儲かればいいんダジョー！"
1294,2,325,"20話"
1295,3,325,"教えてハタ坊"
1296,4,325,"謎の肉で儲かっちゃったハタ坊は大富豪に返り咲いた！のはいいんだけど…何の肉かは友達にも最後までは言えない！何の肉か教えてダジョー！"
1297,1,326,"モヒカン不良 チョロ松"
1298,2,326,"20話"
1299,3,326,"スクール松"
1300,4,326,"「てめぇ誰のシマででかい顔してやがるんだオルァッ！」って相手はハトポッポ…。「きーてんのかゴルァ！」って相手はハトポッポだってば！"
1301,1,327,"カチューシャ不良 トド松"
1302,2,327,"20話"
1303,3,327,"スクール松"
1304,4,327,"「なにやってんだよ、ちょーだせぇなぁ！」颯爽と現れたトド松。「よーシコ松！」「先輩だぞゴルァ！」低レベルの戦いがいま始まる。"
1305,1,328,"自称おしゃれ番長 カラ松"
1306,2,328,"20話"
1307,3,328,"スクール松"
1308,4,328,"「おいてめぇら！うるせぇんだよバカ！」そりこみもパネー番長だけど…「乳首でちゃってるじゃーねーっすか！」まじくそやべぇっす！！"
1309,1,329,"クズ番長 おそ松"
1310,2,329,"20話"
1311,3,329,"スクール松"
1312,4,329,"「くるぁああああ！くるぁくるぁくるぁあ！」クズはまじめが嫌い！「あんあんあん！こらこらこら！あんあんこらあんこらあんこるぁああ！」"
1313,1,330,"カラ松さんVSおそ松さん"
1314,2,330,"20話"
1315,3,330,"スクール松"
1316,4,330,"靴飛ばし、○×、フーセンガム、そして度胸試し、と壮絶？な対決を繰り広げる2人だったが…最後は友情が芽生える定番の展開なのであった！"
1317,1,331,"ウラ番の一松様"
1318,2,331,"20話"
1319,3,331,"スクール松"
1320,4,331,"「☆×◇∴?×□☆ッ！」なに言ってるんだかわからねーっス！さーせんしたって謝るしかないんだけど…なんで怒られてるんでしたっけ？"
1321,1,332,"十四松番長？"
1322,2,332,"20話"
1323,3,332,"スクール松"
1324,4,332,"急に現れた十四松に選ばれたトド松。「はむっ…チュルチュルチュル…はあっ。」なぜか吸われちゃった！"
1325,1,333,"スケバントト子"
1326,2,333,"20話"
1327,3,333,"スクール松"
1328,4,333,"「あんこりゃぁああああああああ！！さばこらしゃけこらさばこらしゃけこるぁ！」結局一番強いのはトト子ということでしまいだゴルァ。"
1329,1,334,"イヤミのお笑い学校"
1330,2,334,"20話"
1331,3,334,"イヤミの学校"
1332,4,334,"校長はなんとあの一世を風靡したあの昭和の大スター『出っ歯詐欺師コメディアン』イヤミ先生！「デッパート！」何が面白いんでしょう…？"
1333,1,335,"お笑いやりにきましたー！"
1334,2,335,"20話"
1335,3,335,"イヤミの学校"
1336,4,335,"「お願いしまーす！」かるーい気持ちでお笑いを学びにきた6つ子。この後イヤミのお笑い論によってそれぞれ打ちのめされることになる。"
1337,1,336,"笑いのルール"
1338,2,336,"20話"
1339,3,336,"イヤミの学校"
1340,4,336,"イヤミ先生のありがたーいお言葉を書き留めたカラ松だったが…アドバイスを無視できるくらいの胆力が必要！？「何を信じればあぁぁぁ！」"
1341,1,337,"でっかくなっちゃった！！"
1342,2,337,"20話"
1343,3,337,"イヤミの学校"
1344,4,337,"下ネタはお客さんが引く！？いや、チビ太にはうけてるぞ！それにしても喜ぶと…ピクピク動くんですね、そのでっかいの。"
1345,1,338,"結果を出してない楽屋番長"
1346,2,338,"20話"
1347,3,338,"イヤミの学校"
1348,4,338,"「超絶おもしろい６つ子って紹介してやるよーん！」えらそうなこと言ってる先輩だけど、お笑い業界はおもしろくなければ意味がない！？"
1349,1,339,"大スターは実践不足！？"
1350,2,339,"20話"
1351,3,339,"イヤミの学校"
1352,4,339,"あれ？イヤミ大先生…なんか緊張してる？なんか声まで違う？「し…しぇ…しぇ…しぇ～。」結論！お笑いは目指すなバーロー！"
1353,1,340,"やっぱり声優でしょ！"
1354,2,340,"20話"
1355,3,340,"エピローグ"
1356,4,340,"お笑いがダメなら声優だとかるーい気持ちな６人は「色々とプロなめんじゃーねー！」とスケバントト子に殴られた！世の中そんなに甘くない！"
1357,1,341,"東1局"
1358,2,341,"21話"
1359,3,341,"麻雀"
1360,4,341,"普段はクソニートな6つ子だが、麻雀のこととなると真剣そのもの！これだけ真剣になれるなら他のことも頑張れば良いのに…"
1361,1,342,"オーラス知らずのおそ松"
1362,2,342,"21話"
1363,3,342,"麻雀"
1364,4,342,"「おそ松の麻雀ポリシー、それは全ツッパ」守備力が皆無でトビ率100%。おそ松兄さんらしいよね。いさぎよいっ！"
1365,1,343,"ベタオリの貴公子 トド松"
1366,2,343,"21話"
1367,3,343,"麻雀"
1368,4,343,"トド松の麻雀は一味違う。最速最強をうたう鳴き麻雀。しかし押されたら小便ちびるほどのメンタルのよわさ。長考最高時間40分！長すぎ♪"
1369,1,344,"オープンリーチ チョロ松"
1370,2,344,"21話"
1371,3,344,"麻雀"
1372,4,344,"守備型の理論はデジタル雀士。現況読みに長け、その場その場の最善手をつくす。なのに待ち目が出てしまうなんて正直すぎる！"
1373,1,345,"フリテンの暴君 十四松"
1374,2,345,"21話"
1375,3,345,"麻雀"
1376,4,345,"説明不能のオカルトシステム。テンションアップと同時にチョンボ率も大幅UP！とっても惜しい十四松。"
1377,1,346,"卓がえしの一松"
1378,2,346,"21話"
1379,3,346,"麻雀"
1380,4,346,"早さも打点もまったく読めないブラックボックス麻雀。普通に弱く、普通によく負け、キゲンが悪い。一松は麻雀苦手なのかな！？"
1381,1,347,"不和了ファンタジスタカラ松"
1382,2,347,"21話"
1383,3,347,"麻雀"
1384,4,347,"倍満すらテンパイとらずの「役満しばり」。毎回ツモられ貧乏…さすが自称手役アーティスト。ダメじゃん。。。"
1385,1,348,"てめぇら、覚悟しろっ！"
1386,2,348,"21話"
1387,3,348,"麻雀"
1388,4,348,"「真剣でいこうぜ。たった一牌に血がたぎる、命のやりとりを」おそ松の一言で本気になった6つ子たち。まさかこの後裸になったりしないよな？"
1389,1,349,"7人布団！？"
1390,2,349,"21話"
1391,3,349,"神松"
1392,4,349,"いつものように兄弟仲良く並んで布団に入るが「ちょっ、なんか今日狭くない？」と何か違和感に気付くおそ松。確かに誰か一人多いような…？"
1393,1,350,"神松降臨"
1394,2,350,"21話"
1395,3,350,"神松"
1396,4,350,"６つ子の『人としての良い部分』が集まってできた神松。６人分の良いところを集めてやっと一人ってかなりやばいような…！？"
1397,1,351,"念願の特別VIP席"
1398,2,351,"21話"
1399,3,351,"神松"
1400,4,351,"　「はぁ、お金がない。」と落ち込むチョロ松にさらりと橋本にゃーのライブチケットを渡す神松。それも特別VIP席とは…。神松恐るべし！"
1401,1,352,"6つ子の危機"
1402,2,352,"21話"
1403,3,352,"神松"
1404,4,352,"チビ太に「あんなすげぇ奴が弟になっちゃったらよ」と言われ、神松に改めて恐怖を覚える6つ子たち。支払いまでスマートだなんて！"
1405,1,353,"溺愛神松"
1406,2,353,"21話"
1407,3,353,"神松"
1408,4,353,"すでに働き、家にお金まで入れるという神松。両親に溺愛されるのも仕方がないよね。おかあさんは神松を産んだ覚えないらしいけどね！"
1409,1,354,"両親を正気に戻したから"
1410,2,354,"21話"
1411,3,354,"神松"
1412,4,354,"「あいつは父さんと母さんを正気に戻した」とトド松が言う通り、神松は6つ子にとって邪魔な存在になってしまった！まさか殺しにかかるとは！"
1413,1,355,"トト子ちゃんまで…"
1414,2,355,"21話"
1415,3,355,"神松"
1416,4,355,"遂にトト子まで神松に取られてしまった。完全無欠の神松に対抗するすべはあるのか？追い詰められた6つ子の最終手段とは…？"
1417,1,356,"悪松"
1418,2,356,"21話"
1419,3,356,"神松"
1420,4,356,"追い詰められた6つ子のクソな部分が集結！？その結果、悪松が誕生し神松は…。というか、CMの間に一体何があったの！？"
1421,1,357,"マグショット6"
1422,2,357,"原作なし"
1423,3,357,"描き下ろし"
1424,4,357,"それぞれの罪状で6つ子が捕まった！？マグショットを撮る6つ子たち。チョロ松の自発とはライジング的な意味？それともアレの略なのか！？"
1425,1,358,"6つ子のサバゲー"
1426,2,358,"原作なし"
1427,3,358,"描き下ろし"
1428,4,358,"6つ子が空き地に集合してペイント弾でサバイバルゲーム対決だ！一松はすでにやられちゃったみたい…。チョロ松はさすが慎重だねぇ！"
1429,1,359,"ダンシングマツ"
1430,2,359,"原作なし"
1431,3,359,"描き下ろし"
1432,4,359,"ステージ占拠！？華麗なダンスステップの6つ子にステージを取られてしまったトト子は激怒！橋本にゃーは呆れ顔。早くトト子から逃げて?！！"
1433,1,360,"うさぎのお月見"
1434,2,360,"原作なし"
1435,3,360,"描き下ろし"
1436,4,360,"月見をするおそ松と一松。おそ松にとって月のうさぎはトト子ちゃん？なんかちょっと違ううさぎだけど。一松はうさコスに照れ気味。"
1437,1,361,"寝起きドッキリ！十四＆トド"
1438,2,361,"原作なし"
1439,3,361,"描き下ろし"
1440,4,361,"部屋の広さの関係上、2人ずつ泊まることになった十四松とトド松。ダヨーン吸い込みドッキリスタートってなんでデカパンスカート履いてるの？"
1441,1,362,"寝起きドッキリ！チョロ＆一"
1442,2,362,"原作なし"
1443,3,362,"描き下ろし"
1444,4,362,"部屋の広さの関係上、2人ずつ泊まることになったチョロ松と一松。トト子の大声量で目覚めると、にゃーちゃんが目の前に！最高の寝起き！"
1445,1,364,"イタくない！？トド松コーデ"
1446,2,364,"原作なし"
1447,3,364,"描き下ろし"
1448,4,364,"衣替えの季節ということでトド松がカラ松の服装をコーディネイト！カラ松の表情を見ると…イタくない服装じゃやっぱり落ち着かない？"
1449,1,365,"あつしくんは？"
1450,2,365,"22話"
1451,3,365,"希望の星、トド松"
1452,4,365,"合コンメンバーはいないか考えを巡らせるトド松。あつしくんは？でも見た目悪くないし車持っているし…一軍連れてきちゃうのは無しだね！"
1453,1,366,"クソ助は？"
1454,2,366,"22話"
1455,3,366,"希望の星、トド松"
1456,4,366,"合コンメンバーとしてクソ助はどうだろう？いやー女の子が引いちゃうかー。って、クソ助は一体どんなキャラなの！？"
1457,1,367,"フツウ丸は？"
1458,2,367,"22話"
1459,3,367,"希望の星、トド松"
1460,4,367,"フツウ丸は合コンメンバーとしてどうだろう？うん、ちょうどいいバランス。でもあんまり話せないのかぁ。合コンメンバー選びは大変だね。。"
1461,1,368,"必死のアピール！"
1462,2,368,"22話"
1463,3,368,"希望の星、トド松"
1464,4,368,"20代でステータスがない、気楽に話せる相手？必死に自分たちをアピールする兄さんたち。でも何故かトド松は気づかないから…不思議！？"
1465,1,369,"合コンオーディション"
1466,2,369,"22話"
1467,3,369,"希望の星、トド松"
1468,4,369,"「今からオーディションするけど、ちゃんと真面目に」って、ああっ！！全く話を聞かない兄さんたち。そんなんじゃ合コンいけないよ！？"
1469,1,370,"暗黒大魔界？"
1470,2,370,"22話"
1471,3,370,"希望の星、トド松"
1472,4,370,"　「同世代カースト圧倒的最底辺」かつ「暗黒大魔界クソ闇地獄カースト」の住人達よ！今こそ道を切り開く時だ！いつになく真剣なトド松。"
1473,1,371,"俺のペースがあるのに"
1474,2,371,"22話"
1475,3,371,"希望の星、トド松"
1476,4,371,"「だってみんないっぱい言うから…。」と言い訳する一松。でも、ペース乱されてもこれはしないでしょ！？なんでこんなことになってるの！？"
1477,1,372,"触っちゃダメなの？"
1478,2,372,"22話"
1479,3,372,"希望の星、トド松"
1480,4,372,"「え？合コンってこういうのやっていんでしょ？」といきなり急に押し倒すおそ松。合コンにどんなイメージ持ってるの！？"
1481,1,373,"口説いてやろう"
1482,2,373,"22話"
1483,3,373,"希望の星、トド松"
1484,4,373,"「いきつくラストはそう…お会計だろ？（エコー）」とキメ顔のカラ松。全然意味わかんないよ？これカッコつけてるの？？？"
1485,1,374,"まだだね！"
1486,2,374,"22話"
1487,3,374,"希望の星、トド松"
1488,4,374,"「十四松兄さんいける？」とトド松に聞かれるも「まだだね」と答える十四松。もういつまでタッティなのさ！？"
1489,1,375,"恋愛ってそういうもんじゃ"
1490,2,375,"22話"
1491,3,375,"希望の星、トド松"
1492,4,375,"「僕は、もっと健全な出会いがしたい」とチョロ松はいうが、合コン相手の女の子写真を見せられると悶えてるじゃない…。"
1493,1,376,"ライジングしてろ！"
1494,2,376,"22話"
1495,3,376,"希望の星、トド松"
1496,4,376,"「恋愛ってそういうもんじゃない」と言おうとしたチョロ松に、おそ松とトド松がキレちゃった。吊るされちゃってライジングするはめに。。。"
1497,1,377,"選べるか！"
1498,2,377,"22話"
1499,3,377,"希望の星、トド松"
1500,4,377,"誰を合コンに連れて行くか真剣に悩むトド松。しかし…どの兄さんも連れて行けるわけがない！！一体どうすれば？それにしてもひどい兄達･･･"
1501,1,378,"合コンの神様"
1502,2,378,"22話"
1503,3,378,"希望の星、トド松"
1504,4,378,"「トッティとやら。もっと素直になりなさい。」突然現れた合コンの神様。トド松に助言を与えるが、神様一体どこから出てきたのぉ！？"
1505,1,379,"ひとりぼっちのトド松？"
1506,2,379,"22話"
1507,3,379,"希望の星、トド松"
1508,4,379,"「アツシ君、車買ったんでしょー？」とモテモテのアツシ。何故かトド松の周りは誰も女の子がいないようだけど…！？"
1509,1,380,"何もナシ夫"
1510,2,380,"22話"
1511,3,380,"希望の星、トド松"
1512,4,380,"「あなた、何もナシ夫でしょ？」と言われて「あ…はい」としか答えられないトド松。目が死んでるよ…。せっかくオシャレしてきたのに。。。"
1513,1,381,"兄弟ゲンカの邪魔するな"
1514,2,381,"22話"
1515,3,381,"ファイナルシェー"
1516,4,381,"「コラおっさん、俺たち６つ子をなめんなよ！」と粋がるチョロ松。この師範代はなんだか強そうだ、気をつけて！！"
1517,1,382,"必殺拳「フェー」"
1518,2,382,"22話"
1519,3,382,"ファイナルシェー"
1520,4,382,"師範代のフェー拳によって吹き飛ばされた６つ子たち。師範代の言う通り弱いものいじめになってしまった。お店めちゃくちゃだけど大丈夫？"
1521,1,383,"大会にでるザンス！"
1522,2,383,"22話"
1523,3,383,"ファイナルシェー"
1524,4,383,"シャオリンが登場した瞬間、目がハートマークになるイヤミ。あんなに大会に出るのを嫌がっていたのに、急にやっぱりでるって…。"
1525,1,384,"シェー拳、修行の日々"
1526,2,384,"22話"
1527,3,384,"ファイナルシェー"
1528,4,384,"シェー拳を極めるべく修行に励むイヤミ。動機は不純だったが、真面目に修行に励んでいるみたい。シャオリンとも仲良くなれたのかな？"
1529,1,385,"俺、写真集作ったぜ"
1530,2,385,"22話"
1531,3,385,"ファイナルシェー"
1532,4,385,"イヤミが本当に気持ちののったシェーを出せるように、カラ松は自分の写真集を見せてきた。等身大ポスター付ってヤバすぎるよ…。"
1533,1,386,"間に合ったヨーン"
1534,2,386,"22話"
1535,3,386,"ファイナルシェー"
1536,4,386,"ピンチな状況で突然現れたダヨーン。その手には巨大なクロッシュが…。ついに『シェー！の練習』の成果が！？"
1537,1,387,"ファイナルシェー！"
1538,2,387,"22話"
1539,3,387,"ファイナルシェー"
1540,4,387,"ダヨーンが取り出した超巨大なアレをきっかけにイヤミのファイナルシェーが発動！？威力が凄すぎて地球ごと消しちゃった…。（劇終）"
1541,1,388,"なんで今日も俺なの！？"
1542,2,388,"23話"
1543,3,388,"灯油"
1544,4,388,"灯油が切れそう！あたりをみまわしソワソワしはじめた6つ子たち。なぜかものすごい視線を感じるカラ松。ってか昨日も一昨日も行ったのにね！"
1545,1,389,"圧力かけてお湯かけて"
1546,2,389,"23話"
1547,3,389,"灯油"
1548,4,389,"圧力をかけても行動に移さないカラ松にトド松が制裁。「ブラザー！そんなことをしても今日は一歩も引かんぞ！」今日のカラ松の意思は固い！"
1549,1,390,"寝たフリにはこれ！"
1550,2,390,"23話"
1551,3,390,"灯油"
1552,4,390,"十四松の後を追い寝たフリをはじめた一松におそ松が制裁。「そーはいかないよぉいちまつぅ！」って兄さんやりすぎ！死んじゃうってば！"
1553,1,391,"最後は暴力に物言わす兄達"
1554,2,391,"23話"
1555,3,391,"灯油"
1556,4,391,"トド松のスパンの長いあざとい罠にかかり、おしっこにいきたくなっちゃったおそ松。だったのだが…そんな末弟をみんなで暴力で殺しにかかる！"
1557,1,392,"そんなのありえない～！"
1558,2,392,"23話"
1559,3,392,"灯油"
1560,4,392,"今の今まで十四松は寝たフリをしていた！？あいつに限ってそんなあくどいこと…って確認したら目見開きのギラギラですがなにか？"
1561,1,393,"なんで俺を指名したの！？"
1562,2,393,"23話"
1563,3,393,"灯油"
1564,4,393,"灯油をいれにいった？と思ったら、暖かいスープを1人で飲む十四松。そしてチョロ松を指名…十四松の恐ろしさが垣間見えたのだった。"
1565,1,394,"灯油よりお酒"
1566,2,394,"23話"
1567,3,394,"ダヨーン族"
1568,4,394,"指名されたチョロ松は灯油を買いに出かけたが赤塚酒場の明かりにひかれ…。帰って来ないチョロ松の様子をみにきたおそ松とカラ松も合流！"
1569,1,395,"全部ダヨーンの世界…"
1570,2,395,"23話"
1571,3,395,"ダヨーン族"
1572,4,395,"居酒屋で飲んでいたはずの3人が起きるとそこは異空間！？全部ダヨーンのとんでもない世界だった！わけもわからず追いかけられ…"
1573,1,396,"そこはダヨーンの体の中…"
1574,2,396,"23話"
1575,3,396,"ダヨーン族"
1576,4,396,"戻ってこない兄達に痺れを切らした一松＆十四松＆トド松は様子を見に外へ。そして酔ったダヨーンに吸い込まれて体の中のダヨーン族の世界へ。"
1577,1,397,"チョロ松！？"
1578,2,397,"23話"
1579,3,397,"ダヨーン族"
1580,4,397,"「チョロシコスキー！何なじんでんの！？結婚！？どういうこと！？」それにしてもこの横顔でよくすぐにチョロ松ってわかったね。"
1581,1,398,"おまえらも！？"
1582,2,398,"23話"
1583,3,398,"ダヨーン族"
1584,4,398,"「この国のやつらはみんないいやつだよーん！」「警戒するなよーん！」語尾によーんつけると腹立つってダヨーンを完全否定してます！"
1585,1,399,"顔がだんだんのびてくる"
1586,2,399,"23話"
1587,3,399,"ダヨーン族"
1588,4,399,"「俺達ずっとここで暮らすって決めたんだよーん！」顔も生活も完全にダヨーン族になじんだ3人。そりゃ馬鹿って言いたくもなりますよ！"
1589,1,400,"あれぇ？この感触って…"
1590,2,400,"23話"
1591,3,400,"ダヨーン族"
1592,4,400,"このほっぺたの触り心地は…「確かに…あれ？あれれぇ？」一松が十四松をはねのけて触りたくなるのもわかるけどこれってセクハラだよね！"
1593,1,401,"のびーーーる！"
1594,2,401,"23話"
1595,3,401,"ダヨーン族"
1596,4,401,"「いや、そこはのびないから！あああああ！？」ダヨーン族はどこでものびると思ってた？いや、明らかに狙ってやってるよね…さすが一松。"
1597,1,402,"なにこれ…？"
1598,2,402,"23話"
1599,3,402,"ダヨーン族"
1600,4,402,"急に帰るように言われた3人だったけど…「帰りたくないんだよーん！」ダヨーン族も別れを惜しむ感動のラストシーン…なのかこれ？"
1601,1,403,"ダヨーン族との別れ"
1602,2,403,"23話"
1603,3,403,"ダヨーン族"
1604,4,403,"ダヨーン族と別れた6人は『肛門こちら』の看板のほうへ…。結局のところダヨーンって何者なんでしょうか？謎は深まるばかり。"
1605,1,404,"自撮りおそ松"
1606,2,404,"原作なし"
1607,3,404," 描き下ろし"
1608,4,404,"賞金が出ると噂の自撮りコンテストがあるらしい。おそ松は兄弟に内緒でこっそり自撮りを撮ったみたい！？いつもの明るく元気なスマイル！"
1609,1,405,"自撮りカラ松"
1610,2,405,"原作なし"
1611,3,405," 描き下ろし"
1612,4,405,"自撮りコンテスト？セルフィなら俺に任せておけ！ということで、自信満々に自撮りするカラ松。そのポーズ、かなり痛いよ…。"
1613,1,406,"自撮りチョロ松"
1614,2,406,"原作なし"
1615,3,406," 描き下ろし"
1616,4,406,"にゃーちゃんグッズを買うために仕方なく自撮りコンテストに応募するチョロ松。こんな感じいいのかな？とちょっと照れ顔！？"
1617,1,407,"自撮り一松"
1618,2,407,"原作なし"
1619,3,407," 描き下ろし"
1620,4,407,"元気いっぱいのエスパーニャンコと一緒に自撮りする一松。笑顔がとっても優しそう。何気に楽しんでるっぽい…？"
1621,1,408,"自撮り十四松"
1622,2,408,"原作なし"
1623,3,408," 描き下ろし"
1624,4,408,"自撮り！？簡単だよ、こうすれば優勝でしょ？とパチリ。ちょっと笑わせようとしている？自撮りコンテストの趣旨を誤解している！？"
1625,1,409,"自撮りトド松"
1626,2,409,"原作なし"
1627,3,409," 描き下ろし"
1628,4,409,"賞金がもらえるなら兄さんたちに秘密で応募しようと、自撮りコンテスト用の写真を撮るトド松。さすがの女子力。ポーズもバッチリ！？"
1629,1,410,"仲良しニート兄弟！"
1630,2,410,"原作なし"
1631,3,410," 描き下ろし"
1632,4,410,"ゲームセンターに遊びに来た６つ子たち。プリントシールを撮ってみようということで撮影したが…。もうみんな好き勝手に落書きしすぎ！！"
