id,map_id,sub_distance,height_offset,item_appear_percentage_supplementary,column_1_item_id,column_2_item_id,column_3_item_id,column_4_item_id,column_5_item_id,column_6_item_id
1,27,3,1.3,100,10,,,,,
2,27,4,,100,,,,,,
,,,,,,,,,,
1,28,3,1.3,100,,10,,,,
2,28,4,,100,,,,,,
,,,,,,,,,,
1,29,3,1.3,100,,,10,,,
2,29,4,,100,,,,,,
,,,,,,,,,,
1,30,3,1.3,100,,,,10,,
2,30,4,,100,,,,,,
,,,,,,,,,,
1,31,3,1.3,100,,,,,10,
2,31,4,,100,,,,,,
,,,,,,,,,,
1,32,3,1.3,100,,,,,,10
2,32,4,,100,,,,,,
,,,,,,,,,,
1,41,3,3.5,100,10,,10,,10,
2,41,7,,100,,,,,,
,,,,,,,,,,
1,42,3,3.5,100,,10,,10,,10
2,42,7,,100,,,,,,
,,,,,,,,,,
1,43,4,3.5,100,7,7,7,7,7,7
2,43,9,,100,,,,,,
,,,,,,,,,,
1,46,1,,100,,,,,7,
2,46,3,,100,1,,,,,
3,46,4,,100,,,7,,,
,,,,,,,,,,
1,47,1,,100,,,7,,,
2,47,3,,100,,1,,,,
3,47,4,,100,,,,,,7
,,,,,,,,,,
1,48,1,,100,7,,,,,
2,48,3,,100,,,1,,,
3,48,4,,100,,,,,7,
,,,,,,,,,,
1,49,1,,100,,,7,,,
2,49,3,,100,,,,1,,
3,49,4,,100,,,,,,7
,,,,,,,,,,
1,50,1,,100,,7,,,,
2,50,3,,100,,,,,1,
3,50,4,,100,7,,,,,
,,,,,,,,,,
1,51,1,,100,,,,7,,
2,51,3,,100,,,,,1,
3,51,4,,100,,7,,,,
,,,,,,,,,,
1,52,2,,100,1,7,,,,
2,52,4,,100,,,,,7,
,,,,,,,,,,
1,53,2,,100,,1,,7,,
2,53,4,,100,,,,,,7
,,,,,,,,,,
1,54,2,,100,,,1,,,7
2,54,4,,100,,,,7,,
,,,,,,,,,,
1,55,2,,100,,,7,1,,
2,55,4,,100,,7,,,,
,,,,,,,,,,
1,56,2,,100,7,,,,,
2,56,4,,100,7,,,,1,
,,,,,,,,,,
1,57,2,,100,,,,,7,1
2,57,4,,100,,,7,,,
,,,,,,,,,,
1,58,2,,100,10,,,,,
2,58,3,,100,1,,,,,
3,58,4,,100,,,,,7,
,,,,,,,,,,
1,59,1,,100,,,,,7,
2,59,2,,100,,10,,,,
3,59,3,,100,,1,,,,
4,59,4,,100,,,,,,
,,,,,,,,,,
1,60,2,,100,,,10,,,
2,60,3,,100,,,1,7,,
3,60,4,,100,,,,,,
,,,,,,,,,,
1,61,2,,100,,,,10,,
2,61,3,,100,,,,1,,
3,61,4,,100,,7,,,,
,,,,,,,,,,
1,62,2,,100,,7,,,10,
2,62,3,,100,,,,,1,
3,62,4,,100,,,,,,
,,,,,,,,,,
1,63,1,,100,7,,,,,
2,63,2,,100,,,,,10,
3,63,3,,100,,,,,1,
4,63,4,,100,,,,,,
,,,,,,,,,,
1,64,2,,100,,7,,,,
2,64,3,,100,1,,,,,
3,64,4,,100,7,,,,,
,,,,,,,,,,
1,65,1,,100,,,,,,
2,65,2,,100,,1,,,,
3,65,3,,100,,7,,,,7
4,65,4,,100,,,,,,
,,,,,,,,,,
1,66,1,,100,,,,,,7
2,66,2,,100,,,1,,,
3,66,3,,100,,,7,,,
4,66,4,,100,,,,,,
,,,,,,,,,,
1,67,1,,100,,,,,,
2,67,2,,100,,,,1,,
3,67,3,,100,,,,7,,
4,67,4,,100,7,,,,,
,,,,,,,,,,
1,68,1,,100,,,,,,
2,68,2,,100,,,,,1,
3,68,3,,100,,,,,7,
4,68,4,,100,,,7,,,
,,,,,,,,,,
1,69,1,,100,,,,,,
2,69,2,,100,,7,,,,1
3,69,3,,100,,,,,,7
4,69,4,,100,,,,,,
,,,,,,,,,,
2,70,2,,100,1,,,,,
3,70,3,,100,7,,,,,
5,70,5,,100,,7,,,,
6,70,6,1.3,100,,10,,,,
8,70,8,,100,,,1,,,
9,70,9,,100,,,7,,,
11,70,11,1.3,100,,,,10,,
12,70,12,,100,,,,7,,
14,70,14,,100,,,,,1,
15,70,15,,100,,,,,7,
17,70,17,1.3,100,,,,,,10
18,70,18,,100,,,,,,7
19,70,19,,100,,,,,,
,,,,,,,,,,
2,71,2,1.3,100,,,,,,10
3,71,3,,100,,,,,,7
5,71,5,,100,,,,,1,
6,71,6,,100,,,,,7,
8,71,8,1.3,100,,,,10,,
9,71,9,,100,,,,7,,
11,71,11,,100,,,1,,,
12,71,12,,100,,,7,,,
14,71,14,1.3,100,,10,,,,
15,71,15,,100,,7,,,,
16,71,16,,100,,,,,,
17,71,17,,100,1,,,,,
18,71,18,,100,7,,,,,
19,71,19,,100,,,,,,
,,,,,,,,,,
1,72,1,1.3,100,10,,,,,
2,72,4,,100,,,10,,1,
3,72,7,1.3,100,,,10,,,
4,72,10,,100,,,,,10,1
5,72,13,1.3,100,,,,10,,
6,72,16,,100,10,1,,,,
,,,,,,,,,,
1,73,1,,100,,1,,,,10
2,73,4,1.3,100,,,10,,,
3,73,7,,100,10,,,,,1
4,73,10,1.3,100,10,,,,,
5,73,13,,100,,,,1,10,
6,73,16,1.3,100,,,,,10,
,,,,,,,,,,
1,74,1,,100,10,,1,,,
2,74,4,1.3,100,,10,,,,
3,74,7,,100,,,,10,1,
4,74,10,1.3,100,10,,,,,
5,74,13,,100,,10,,,,1
6,74,16,1.3,100,,,,10,,
,,,,,,,,,,
1,75,1,1.3,100,,,,10,,
2,75,4,,100,1,,,,10,
3,75,7,1.3,100,,,10,,,
4,75,10,,100,,10,,,,1
5,75,13,1.3,100,,10,,,,
6,75,16,,100,,,,,1,10
,,,,,,,,,,
1,76,1,,100,,,,,1,10
2,76,4,1.3,100,,,10,,,
3,76,7,,100,,10,,,,1
4,76,10,1.3,100,,10,,,,
5,76,13,,100,10,,,1,,
6,76,16,1.3,100,10,,,,,
,,,,,,,,,,
1,77,1,1.3,100,,,,,,10
2,77,4,,100,1,,,,10,
3,77,7,1.3,100,,,,,10,
4,77,10,,100,,1,,,,10
5,77,13,1.3,100,,,,10,,
6,77,16,,100,,,1,10,,
,,,,,,,,,,
1,78,1,,100,,,,,,
2,78,2,1.3,100,10,,,,,
3,78,3,,100,,,,,,
,,,,,,,,,,
1,79,1,,100,,,,,,
2,79,2,1.3,100,,10,,,,
3,79,3,,100,,,,,,
,,,,,,,,,,
1,80,1,,100,,,,,,
2,80,2,1.3,100,,,10,,,
3,80,3,,100,,,,,,
,,,,,,,,,,
1,81,1,,100,,,,,,
2,81,2,1.3,100,,,,10,,
3,81,3,,100,,,,,,
,,,,,,,,,,
1,82,1,,100,,,,,,
2,82,2,1.3,100,,,,,10,
3,82,3,,100,,,,,,
,,,,,,,,,,
1,83,1,,100,,,,,,
2,83,2,1.3,100,,,,,,10
3,83,3,,100,,,,,,
,,,,,,,,,,
1,84,1,1.3,100,7,,,,,
2,84,4,,100,,,7,,1,
,,,,,,,,,,
1,85,1,1.3,100,,7,,,,
2,85,2,,100,,,,,,7
3,85,4,,100,1,,,,,
,,,,,,,,,,
1,86,1,1.3,100,,,7,,,
2,86,3,,100,,,,,,7
3,86,4,,100,,,,,1,
,,,,,,,,,,
1,87,1,1.3,100,,,,7,,
2,87,4,,100,,1,,,,7
,,,,,,,,,,
1,88,1,1.3,100,,,,,7,
2,88,2,,100,,7,,,,
3,88,4,,100,,,1,,,
,,,,,,,,,,
1,89,1,1.3,100,,,,,,7
2,89,4,,100,,,7,1,,
,,,,,,,,,,
1,90,4,3.5,100,7,7,7,7,7,7
2,90,6,,100,1,1,1,1,1,1
3,90,9,,100,,,,,,
,,,,,,,,,,
1,91,4,,100,1,1,1,1,1,1
2,91,6,3.5,100,7,7,7,7,7,7
3,91,9,,100,,,,,,
,,,,,,,,,,
1,92,6,,100,1,1,1,1,1,1
2,92,7,,100,10,10,10,10,10,10
3,92,9,,100,,,,,,
,,,,,,,,,,
1,145,2,,100,7,,,,,
2,145,3,,100,,,,,,
,,,,,,,,,,
1,146,2,,100,,7,,,,
2,146,3,,100,,,,,,
,,,,,,,,,,
1,147,2,,100,,,7,,,
2,147,3,,100,,,,,,
,,,,,,,,,,
1,148,2,,100,,,,7,,
2,148,3,,100,,,,,,
,,,,,,,,,,
1,149,2,,100,,,,,7,
2,149,3,,100,,,,,,
,,,,,,,,,,
1,150,2,,100,,,,,,7
2,150,3,,100,,,,,,
,,,,,,,,,,
1,151,3,1.3,100,10,,,,,
2,151,6,,100,,,,,7,
3,151,9,1.3,100,,,10,,,
4,151,12,,100,,,,,,7
5,151,15,1.3,100,,,,10,,
6,151,18,,100,,7,,,,
,,,,,,,,,,
1,152,3,,100,,7,,,,
2,152,6,1.3,100,,,10,,,
3,152,9,,100,,,,,,7
4,152,12,1.3,100,10,,,,,
5,152,15,,100,,,,7,,
6,152,18,1.3,100,,,,,10,
,,,,,,,,,,
1,153,3,,100,,,10,,,
2,153,6,1.3,100,,7,,,,
3,153,9,,100,,,,,10,
4,153,12,1.3,100,7,,,,,
5,153,15,,100,,,,,,10
6,153,18,1.3,100,,,,7,,
,,,,,,,,,,
1,154,3,,100,,,,7,,
2,154,6,1.3,100,10,,,,,
3,154,9,,100,,,7,,,
4,154,12,1.3,100,,,,,,10
5,154,15,,100,,7,,,,
6,154,18,1.3,100,,,,,10,
,,,,,,,,,,
1,155,3,1.3,100,,,,,10,
2,155,6,,100,,,7,,,
3,155,9,1.3,100,,,,,,10
4,155,12,,100,,7,,,,
5,155,15,1.3,100,,,,10,,
6,155,18,,100,7,,,,,
,,,,,,,,,,
1,156,3,,100,,,,,,7
2,156,6,1.3,100,10,,,,,
3,156,9,,100,,,,,7,
4,156,12,1.3,100,,10,,,,
5,156,15,,100,,,,7,,
6,156,18,1.3,100,,,10,,,
,,,,,,,,,,
1,157,1,1.3,100,7,,,,,
2,157,5,1.3,100,,10,,,,
3,157,9,1.3,100,,,7,,,
4,157,13,1.3,100,,,,10,,
5,157,17,1.3,100,,,,,7,
6,157,21,1.3,100,,,,,,10
,,,,,,,,,,
1,158,1,1.3,100,,,,,,10
2,158,5,1.3,100,,,,,7,
3,158,9,1.3,100,,,,10,,
4,158,13,1.3,100,,,7,,,
5,158,17,1.3,100,,10,,,,
6,158,21,1.3,100,7,,,,,
,,,,,,,,,,
1,159,1,,100,,,7,,,
2,159,3,,100,1,,,,,
3,159,5,,100,,,,7,,
,,,,,,,,,,
1,160,1,,100,,,7,,,
2,160,3,,100,,1,,,,
3,160,5,,100,,,,,,7
,,,,,,,,,,
1,161,1,,100,7,,,,,
2,161,3,,100,,,1,,,
3,161,5,,100,,,,,,7
,,,,,,,,,,
1,162,1,,100,,,,,,7
2,162,3,,100,,,,1,,
3,162,5,,100,,,7,,,
,,,,,,,,,,
1,163,1,,100,,7,,,,
2,163,3,,100,,,,,1,
3,163,5,,100,7,,,,,
,,,,,,,,,,
1,164,1,,100,,,,7,,
2,164,3,,100,,,,,,1
3,164,5,,100,,7,,,,
,,,,,,,,,,
1,165,3,,100,1,7,,,,
2,165,5,,100,,,,,7,
,,,,,,,,,,
1,166,3,,100,,1,7,,,
2,166,5,,100,,,,,,7
,,,,,,,,,,
1,167,3,,100,,,1,,,7
2,167,5,,100,,,,7,,
,,,,,,,,,,
1,168,3,,100,,,7,1,,
2,168,5,,100,,7,,,,
,,,,,,,,,,
1,169,3,,100,7,,,,1,
2,169,5,,100,7,,,,,
,,,,,,,,,,
1,170,3,,100,,,,,7,1
2,170,5,,100,,,7,,,
,,,,,,,,,,
1,175,1,,100,,,,,7,
2,175,3,,100,,10,,,,
3,175,4,,100,,1,,,,
4,175,5,,100,,,,,,
,,,,,,,,,,
1,176,2,,100,,,10,,,
2,176,3,,100,,,1,,,
3,176,5,,100,,,,7,,
,,,,,,,,,,
1,177,2,,100,,,,10,,
2,177,3,,100,,,,1,,
3,177,5,,100,,7,,,,
,,,,,,,,,,
1,178,2,,100,,7,,,10,
2,178,3,,100,,,,,1,
3,178,5,,100,,,,,,
,,,,,,,,,,
1,179,1,,100,7,,,,,
2,179,2,,100,,,,,,10
3,179,3,,100,,,,,,1
4,179,5,,100,,,,,,
,,,,,,,,,,
1,180,1,,100,,7,,,,
2,180,2,,100,1,,,,,
3,180,3,,100,7,,,,,
4,180,5,,100,,,,,,
,,,,,,,,,,
1,181,3,,100,,1,,,,
2,181,4,,100,,7,,,,7
3,181,5,,100,,,,,,
,,,,,,,,,,
1,182,2,,100,,,,,,7
2,182,4,,100,,1,,,,
3,182,5,,100,,7,,,,
,,,,,,,,,,
1,183,2,,100,,,,1,,
2,183,3,,100,,,,7,,
3,183,5,,100,7,,,,,
,,,,,,,,,,
1,184,3,,100,,,,,1,
2,184,4,,100,,,,,7,
3,184,5,,100,,,7,,,
,,,,,,,,,,
1,185,3,,100,,7,,,,
2,185,4,,100,,,,,,1
3,185,5,,100,,,,,,7
,,,,,,,,,,
2,186,2,,100,1,,,,,
3,186,3,,100,10,,,,,
5,186,6,1.3,100,,10,,,,
6,186,7,,100,,10,,,,
8,186,10,,100,,,1,,,
9,186,11,,100,,,10,,,
11,186,14,1.3,100,,,,10,,
12,186,15,,100,,,,10,,
13,186,18,,100,,,,,1,
14,186,19,,100,,,,,10,
15,186,22,1.3,100,,,,,,10
16,186,23,,100,,,,,,10
,,,,,,,,,,
2,187,2,1.3,100,,,,,,10
3,187,3,,100,,,,,,10
5,187,6,,100,,,,,1,
6,187,7,,100,,,,,10,
8,187,10,1.3,100,,,,10,,
9,187,11,,100,,,,10,,
11,187,14,,100,,,1,,,
12,187,15,,100,,,10,,,
13,187,18,1.3,100,,10,,,,
14,187,19,,100,,10,,,,
15,187,22,,100,1,,,,,
16,187,23,,100,10,,,,,
,,,,,,,,,,
1,188,2,,100,7,,,,,
2,188,3,,100,,,,,,
,,,,,,,,,,
1,189,2,,100,,7,,,,
2,189,3,,100,,,,,,
,,,,,,,,,,
1,190,2,,100,,,7,,,
2,190,3,,100,,,,,,
,,,,,,,,,,
1,191,2,,100,,,,7,,
2,191,3,,100,,,,,,
,,,,,,,,,,
1,192,2,,100,,,,,7,
2,192,3,,100,,,,,,
,,,,,,,,,,
1,193,2,,100,,,,,,7
2,193,3,,100,,,,,,
,,,,,,,,,,
1,194,1,1.3,100,7,,,,,
2,194,4,,100,,,7,,1,
3,194,5,,100,,,,,,
,,,,,,,,,,
1,195,1,1.3,100,,7,,,,
2,195,2,,100,,,,,,7
3,195,4,,100,1,,,,,
4,195,5,,100,,,,,,
,,,,,,,,,,
1,196,1,1.3,100,,,7,,,
2,196,3,,100,,,,,,7
3,196,4,,100,1,,,,,
4,196,5,,100,,,,,,
,,,,,,,,,,
1,197,1,1.3,100,,,,7,,
2,197,4,,100,,1,,,,7
3,197,5,,100,,,,,,
,,,,,,,,,,
1,198,1,1.3,100,,,,,7,
2,198,2,,100,,7,,,,
3,198,4,,100,,,1,,,
4,198,5,,100,,,,,,
,,,,,,,,,,
1,199,1,1.3,100,,,,,,7
2,199,4,,100,,,7,1,,
3,199,5,,100,,,,,,
,,,,,,,,,,
1,221,16,,100,9,,,,,
2,221,24,,100,9,,,,,
,,,,,,,,,,
1,222,2,,100,7,,,,,
2,222,3,,100,,7,,,,
3,222,4,,100,,,7,,,
4,222,5,,100,,,,7,,
5,222,6,,100,,,,,7,
6,222,7,,100,,,,,,7
7,222,8,,100,9,,,,,
8,222,10,1.3,100,10,,,,,
9,222,11,1.3,100,,10,,,,
10,222,12,1.3,100,,,10,,,
11,222,13,1.3,100,,,,10,,
12,222,14,1.3,100,,,,,10,
13,222,15,1.3,100,,,,,,10
14,222,16,,100,9,,,,,
,,,,,,,,,,
1,223,2,,100,,,,,,7
2,223,3,,100,,,,,7,
3,223,4,,100,,,,7,,
4,223,5,,100,,,7,,,
5,223,6,,100,,7,,,,
6,223,7,,100,7,,,,,
7,223,8,,100,9,,,,,
8,223,10,1.3,100,,,,,,10
9,223,11,1.3,100,,,,,10,
10,223,12,1.3,100,,,,10,,
11,223,13,1.3,100,,,10,,,
12,223,14,1.3,100,,10,,,,
13,223,15,1.3,100,10,,,,,
14,223,16,,100,9,,,,,
,,,,,,,,,,
1,224,2,1.3,100,10,,,,,
2,224,3,,100,,7,,,,
3,224,4,1.3,100,,,10,,,
4,224,5,,100,,,,7,,
5,224,6,1.3,100,,,,,10,
6,224,7,,100,,,,,,7
7,224,8,,100,9,,,,,
8,224,10,1.3,100,,,,,,10
9,224,11,,100,,,,,7,
10,224,12,1.3,100,,,,10,,
11,224,13,,100,,,7,,,
12,224,14,1.3,100,,10,,,,
13,224,15,,100,7,,,,,
14,224,16,,100,9,,,,,
,,,,,,,,,,
1,225,2,1.3,100,,,,,,10
2,225,3,,100,,,,,7,
3,225,4,1.3,100,,,,10,,
4,225,5,,100,,,7,,,
5,225,6,1.3,100,,10,,,,
6,225,7,,100,7,,,,,
7,225,8,,100,9,,,,,
8,225,10,1.3,100,10,,,,,
9,225,11,,100,,7,,,,
10,225,12,1.3,100,,,10,,,
11,225,13,,100,,,,7,,
12,225,14,1.3,100,,,,,10,
13,225,15,,100,,,,,,7
14,225,16,,100,9,,,,,
,,,,,,,,,,
1,226,2,1.3,100,10,,,,,
2,226,3,1.3,100,7,,,,,
3,226,4,1.3,100,,,,,,10
4,226,5,1.3,100,,,,,,7
5,226,6,1.3,100,,10,,,,
6,226,7,1.3,100,,7,,,,
7,226,8,,100,9,,,,,
8,226,10,1.3,100,,,,,10,
9,226,11,1.3,100,,,,,7,
10,226,12,1.3,100,,,10,,,
11,226,13,1.3,100,,,7,,,
12,226,14,1.3,100,,,,10,,
13,226,15,1.3,100,,,,7,,
14,226,16,,100,9,,,,,
,,,,,,,,,,
1,227,2,1.3,100,,,10,,,
2,227,3,1.3,100,,,7,,,
3,227,4,1.3,100,,,,10,,
4,227,5,1.3,100,,,,7,,
5,227,6,1.3,100,,10,,,,
6,227,7,1.3,100,,7,,,,
7,227,8,,100,9,,,,,
8,227,10,1.3,100,,,,,10,
9,227,11,1.3,100,,,,,7,
10,227,12,1.3,100,,,10,,,
11,227,13,1.3,100,,,7,,,
12,227,14,1.3,100,,,,10,,
13,227,15,1.3,100,,,,7,,
14,227,16,,100,9,,,,,
,,,,,,,,,,
1,228,2,1.3,100,,10,,,,
2,228,3,,100,,,,,,7
3,228,4,1.3,100,,,,,10,
4,228,5,,100,7,,,,,
5,228,6,1.3,100,,,10,,,
6,228,7,,100,,,,7,,
7,228,8,,100,9,,,,,
8,228,10,1.3,100,,,,,,10
9,228,11,,100,,7,,,,
10,228,12,1.3,100,10,,,,,
11,228,13,,100,,,,,7,
12,228,14,1.3,100,,,,10,,
13,228,15,,100,,,7,,,
14,228,16,,100,9,,,,,
,,,,,,,,,,
1,229,2,1.3,100,,,,,10,
2,229,3,,100,,,7,,,
3,229,4,1.3,100,,10,,,,
4,229,5,,100,,,,,,7
5,229,6,1.3,100,,,,10,,
6,229,7,,100,,,7,,,
7,229,8,,100,9,,,,,
8,229,10,1.3,100,10,,,,,
9,229,11,,100,,,,,7,
10,229,12,1.3,100,,,,,,10
11,229,13,,100,,7,,,,
12,229,14,1.3,100,,,10,,,
13,229,15,,100,7,,,,,
14,229,16,,100,9,,,,,
,,,,,,,,,,
1,230,1,3.5,100,,,,10,10,10
2,230,5,3.5,100,10,10,10,,,
3,230,8,,100,9,,,,,
,,,,,,,,,,
1,231,1,3.5,100,10,10,10,,,
2,231,5,3.5,100,,,,10,10,10
3,231,8,,100,9,,,,,
,,,,,,,,,,
1,232,3,3.5,100,,,10,10,,
2,232,4,3.5,100,,7,,,7,
3,232,5,3.5,100,10,,,,,10
4,232,8,,100,9,,,,,
,,,,,,,,,,
1,233,3,3.5,100,10,,,,,10
2,233,4,3.5,100,,7,,,7,
3,233,5,3.5,100,,,10,10,,
4,233,8,,100,9,,,,,
,,,,,,,,,,
1,234,1,,100,,,,,,
2,234,2,1.3,100,10,,,,,
3,234,3,,100,,,,,,
,,,,,,,,,,
1,235,1,,100,,,,,,
2,235,2,1.3,100,,10,,,,
3,235,3,,100,,,,,,
,,,,,,,,,,
1,236,1,,100,,,,,,
2,236,2,1.3,100,,,10,,,
3,236,3,,100,,,,,,
,,,,,,,,,,
1,237,1,,100,,,,,,
2,237,2,1.3,100,,,,10,,
3,237,3,,100,,,,,,
,,,,,,,,,,
1,238,1,,100,,,,,,
2,238,2,1.3,100,,,,,10,
3,238,3,,100,,,,,,
,,,,,,,,,,
1,239,1,,100,,,,,,
2,239,2,1.3,100,,,,,,10
3,239,3,,100,,,,,,
,,,,,,,,,,
1,240,4,3.5,100,7,7,7,7,7,7
2,240,5,3.5,100,7,7,7,7,7,7
3,240,7,,100,1,1,1,1,1,1
4,240,11,,100,,,,,,
,,,,,,,,,,
1,241,5,,100,1,1,1,1,1,1
2,241,7,3.5,100,7,7,7,7,7,7
3,241,11,,100,,,,,,
,,,,,,,,,,
1,242,7,,100,1,1,1,1,1,1
2,242,8,,100,10,10,10,10,10,10
3,242,11,,100,,,,,,
,,,,,,,,,,
1,243,2,1.3,100,7,,7,,,
2,243,4,,100,,7,,,,
,,,,,,,,,,
1,244,2,1.3,100,10,,,10,,
2,244,4,,100,,,,,,7
,,,,,,,,,,
1,245,2,1.3,100,10,,,,10,
2,245,4,,100,,,7,,,
,,,,,,,,,,
1,246,2,,100,10,,,,,10
2,246,4,,100,,,,7,,
,,,,,,,,,,
1,247,2,1.3,100,,10,,10,,
2,247,4,,100,7,,,,,
,,,,,,,,,,
1,248,2,1.3,100,,10,,,10,
2,248,4,,100,,,,,,7
,,,,,,,,,,
1,249,2,1.3,100,,10,,,10,
2,249,4,,100,7,,,,,
,,,,,,,,,,
1,250,2,1.3,100,,10,,,,10
2,250,4,,100,,,,7,,
,,,,,,,,,,
1,251,2,1.3,100,,,10,,10,
2,251,4,,100,7,,,,,
,,,,,,,,,,
1,252,2,1.3,100,,,10,,,10
2,252,4,,100,,,,,7,
,,,,,,,,,,
1,253,2,1.3,100,,,,10,,10
2,253,4,,100,,,7,,,
,,,,,,,,,,
1,254,2,1.3,100,,,10,,,1
2,254,4,,100,,7,,,,
,,,,,,,,,,
1,255,2,1.3,100,1,,,10,,
2,255,4,,100,,,,,,7
,,,,,,,,,,
1,256,2,1.3,100,10,,,,1,
2,256,4,,100,,,7,,,
,,,,,,,,,,
1,257,2,1.3,100,1,,,,,10
2,257,4,,100,,,,7,,
,,,,,,,,,,
1,258,2,1.3,100,,1,,0,,
2,258,4,,100,7,,,,,
,,,,,,,,,,
1,259,2,1.3,100,,10,,,1,
2,259,4,,100,,,,,,7
,,,,,,,,,,
1,260,2,1.3,100,,10,,,1,
2,260,4,,100,7,,,,,
,,,,,,,,,,
1,261,2,1.3,100,,10,,,,1
2,261,4,,100,,,,7,,
,,,,,,,,,,
1,262,2,1.3,100,,,1,,10,
2,262,4,,100,7,,,,,
,,,,,,,,,,
1,263,2,1.3,100,,,1,,,10
2,263,4,,100,,,,,7,
,,,,,,,,,,
1,264,2,1.3,100,,,,1,,10
2,264,4,,100,,,7,,,
,,,,,,,,,,
1,265,1,,100,,,,,,
2,265,2,1.3,100,10,,,,,
,,,,,,,,,,
1,266,1,,100,,,,,,
2,266,2,1.3,100,,10,,,,
,,,,,,,,,,
1,267,1,,100,,,,,,
2,267,2,1.3,100,,,10,,,
,,,,,,,,,,
1,268,1,,100,,,,,,
2,268,2,1.3,100,,,,10,,
,,,,,,,,,,
1,269,1,,100,,,,,,
2,269,2,1.3,100,,,,,10,
,,,,,,,,,,
1,270,1,,100,,,,,,
2,270,2,1.3,100,,,,,,10
,,,,,,,,,,
1,271,4,3.5,100,7,7,7,7,7,7
2,271,6,,100,1,1,1,1,1,1
3,271,9,,100,,,,,,
,,,,,,,,,,
1,272,4,,100,1,1,1,1,1,1
2,272,6,3.5,100,7,7,7,7,7,7
3,272,9,,100,,,,,,
,,,,,,,,,,
1,273,6,,100,1,1,1,1,1,1
2,273,7,,100,10,10,10,10,10,10
3,273,9,,100,,,,,,
,,,,,,,,,,
1,274,2,,100,8,8,8,8,8,8
2,274,3,,100,,,,,,
3,274,4,,100,,,,,,
4,274,5,,100,,,,,,
5,274,6,,100,,,,,,
6,274,11,,100,9,,,,,
7,274,19,,100,9,,,,,
,,,,,,,,,,
1,275,3,4,100,7,,,,,7
2,275,5,3.2,100,,7,,,7,
3,275,7,2.5,100,,,7,7,,
4,275,9,1.6,100,,,7,7,,
5,275,11,0.8,100,,7,,,7,
6,275,13,0.1,100,7,,,,,7
7,275,16,,100,9,,,,,
,,,,,,,,,,
1,276,3,0.1,100,7,,,,,7
2,276,5,0.8,100,,7,,,7,
3,276,7,1.6,100,,,7,7,,
4,276,9,2.5,100,,,7,7,,
5,276,11,3.2,100,,7,,,7,
6,276,13,4,100,7,,,,,7
7,276,16,,100,9,,,,,
,,,,,,,,,,
1,277,1,3,100,10,,,10,,
2,277,4,1.5,100,,10,,,,10
3,277,7,2,100,,,10,,10,
4,277,10,1,100,,10,,,,10
5,277,13,1.5,100,10,,,10,,
6,277,16,,100,9,,,10,,10
,,,,,,,,,,
1,278,1,0.1,100,,,10,,,10
2,278,4,1.5,100,10,,,,10,
3,278,7,3,100,,10,,10,,
4,278,10,1.5,100,10,,,,10,
5,278,13,2,100,,,10,,,10
6,278,16,,100,9,,,10,,10
,,,,,,,,,,
1,279,2,4,100,7,,,,,
2,279,3,3.2,100,,7,,,,
3,279,4,2.5,100,,,7,,,
4,279,5,1.6,100,,,,7,,
5,279,6,0.8,100,,,,,7,
6,279,7,0.1,100,,,,,,7
7,279,8,0,100,,,,,,7
8,279,9,0.1,100,,,,,,7
9,279,10,,100,,,,,7,
10,279,11,1,100,,,,7,,
11,279,12,,100,,,7,,,
12,279,13,1,100,,7,,,,
13,279,14,,100,7,,,,,
14,279,16,,100,9,,,,,
,,,,,,,,,,
1,280,2,,100,,,,,,7
2,280,3,0.1,100,,,,,7,
3,280,4,0.8,100,,,,7,,
4,280,5,1.6,100,,,7,,,
5,280,6,2.5,100,,7,,,,
6,280,7,3.2,100,7,,,,,
7,280,8,4,100,7,,,,,
8,280,9,3.2,100,7,,,,,
9,280,10,2.5,100,,7,,,,
10,280,11,1.6,100,,,7,,,
11,280,12,0.8,100,,,,7,,
12,280,13,0.1,100,,,,,7,
13,280,14,,100,,,,,,7
14,280,16,,100,9,,,,,
,,,,,,,,,,
1,281,2,2.5,100,7,10,7,,,
2,281,5,3.5,100,,,,7,10,7
3,281,8,2,100,7,10,7,,,
4,281,11,3,100,,,,7,10,7
5,281,14,1.5,100,7,10,7,,,
6,281,16,,100,9,,,,,
,,,,,,,,,,
1,282,2,3,100,,7,,10,,7
2,282,5,1.5,100,7,,7,,7,
3,282,8,3,100,,7,,7,,7
4,282,11,1.5,100,7,,7,,7,
5,282,14,3,100,,7,,7,,7
6,282,16,,100,9,,,,,
,,,,,,,,,,
1,283,2,0.1,100,10,,,,,
,,,,,,,,,,
1,284,2,0.1,100,,,10,,,
,,,,,,,,,,
1,285,2,0.1,100,,,,,10,
,,,,,,,,,,
1,286,2,0.1,100,,10,,,,
,,,,,,,,,,
1,287,2,0.1,100,,,,10,,
,,,,,,,,,,
1,288,2,0.1,100,,,,,,10
,,,,,,,,,,
1,289,2,1,100,10,,,,,
,,,,,,,,,,
1,290,2,1,100,,,10,,,
,,,,,,,,,,
1,291,2,2,100,,,,,10,
,,,,,,,,,,
1,292,2,2,100,,10,,,,
,,,,,,,,,,
1,293,2,2,100,,,,10,,
,,,,,,,,,,
1,294,2,2,100,,,,,,10
,,,,,,,,,,
1,295,2,3,100,10,,,,,
,,,,,,,,,,
1,296,2,3,100,,,10,,,
,,,,,,,,,,
1,297,2,3,100,,,,,10,
,,,,,,,,,,
1,298,2,4,100,,10,,,,
,,,,,,,,,,
1,299,2,4,100,,,,10,,
,,,,,,,,,,
1,300,2,4,100,,,,,,10
,,,,,,,,,,
1,301,3,1.3,100,10,,,,,
2,301,5,,100,,,,7,,
3,301,9,3.5,100,7,,10,,7,
4,301,13,1.3,100,,10,,,,
5,301,15,1.3,100,,,,,,10
6,301,16,,100,2,7,,,,
7,301,18,1.3,100,,,,10,,
,,,,,,,,,,
1,302,3,1.3,100,,,10,,,
2,302,5,,100,,,,,,7
3,302,9,3.5,100,,7,,10,,7
4,302,13,1.3,100,,,,,,10
5,302,15,1.3,100,,,10,,,
6,302,16,,100,2,,,,,
7,302,17,,100,,,,7,,
8,302,18,1.3,100,,,,,,10
,,,,,,,,,,
1,303,3,,100,,,,10,,
2,303,5,1.3,100,,10,,,,
3,303,9,3.5,100,7,,10,,7,
4,303,13,1.3,100,,,,10,,
5,303,15,1.3,100,,,,,,10
6,303,16,,100,2,,,,,
7,303,17,,100,,,,,,7
8,303,18,1.3,100,,10,,,,
,,,,,,,,,,
1,304,3,,100,,,,,,10
2,304,5,1.3,100,,10,,,,
3,304,9,3.5,100,,7,,10,,7
4,304,13,1.3,100,,10,,,,
5,304,15,1.3,100,,,,10,,
6,304,16,,100,2,,,,,
7,304,17,,100,,,,,,7
8,304,18,1.3,100,,10,,,,
,,,,,,,,,,
1,305,2,,100,,7,,,,
2,305,4,1.3,100,,,,10,,
3,305,5,,100,7,,,,,
4,305,9,3.5,100,7,,7,,7,
5,305,13,1.3,100,,,,,,10
6,305,14,,100,,,,7,,
7,305,15,1.3,100,10,,,,,
8,305,16,,100,2,,,,,
9,305,18,1.3,100,,,,7,,
,,,,,,,,,,
1,306,3,,100,,,,7,,
2,306,4,1.3,100,,10,,,,
3,306,5,,100,7,,,,,
4,306,9,3.5,100,,10,,7,,10
5,306,13,1.3,100,,,,,10,
6,306,15,1.3,100,,10,,,,
7,306,16,,100,2,,,,,7
8,306,18,1.3,100,,,,7,,
,,,,,,,,,,
1,307,1,,100,,,,,7,
2,307,2,1.3,100,,10,,,,
3,307,4,1.3,100,,,,10,,
4,307,5,,100,10,,,,,
5,307,12,1.3,100,,10,,,,
6,307,14,1.3,100,,,,,,7
7,307,16,,100,2,,7,,,
8,307,17,,100,,,,,7,
9,307,18,1.3,100,,,,10,,
,,,,,,,,,,
1,308,1,,100,7,,,,,
2,308,2,1.3,100,,,10,,,
3,308,3,,100,,10,,,,
4,308,5,1.3,100,,,,,,10
5,308,13,1.3,100,,10,,,,
6,308,15,1.3,100,,,7,,,
7,308,16,,100,2,,,7,,
8,308,17,,100,,,,,7,
9,308,18,1.3,100,,,,,,10
,,,,,,,,,,
1,309,1,,100,,,,,7,
2,309,2,,100,,,,,,10
3,309,3,1.3,100,10,,,,,
4,309,5,,100,,,10,,,
5,309,12,1.3,100,,,,,,10
6,309,14,,100,,,,10,,
7,309,15,1.3,100,10,,,,,
7,309,16,,100,2,,,,7,
8,309,17,,100,,,,10,,
9,309,18,1.3,100,,10,,,,
,,,,,,,,,,
1,310,1,,100,,,,7,,
2,310,2,1.3,100,10,,,,,
3,310,3,,100,,,,,,10
4,310,5,1.3,100,,,,10,,
5,310,13,1.3,100,10,,,,,
6,310,14,1.3,100,,,,,,10
7,310,15,,100,,,,,10,
8,310,16,,100,2,10,,,,
9,310,18,1.3,100,,10,,,,
,,,,,,,,,,
1,311,4,,100,,7,,7,,7
2,311,8,1.3,100,,,10,,,
3,311,11,1.3,100,7,,,,,
4,311,12,1.3,100,,,,10,,
5,311,13,,100,3,,,,,
6,311,14,1.3,100,,,,,,10
,,,,,,,,,,
1,312,4,,100,7,,7,,7,
2,312,8,1.3,100,,,,,,10
3,312,10,1.3,100,10,,,,,
4,312,12,1.3,100,,,,7,,
5,312,13,,100,3,,,,,
6,312,14,1.3,100,,10,,,,
,,,,,,,,,,
1,313,4,,100,,7,7,7,7,
2,313,8,1.3,100,10,,,,,
3,313,10,1.3,100,,,,10,,
4,313,11,1.3,100,,,,,,7
5,313,13,,100,3,,,,,
6,313,14,1.3,100,,,7,,,
,,,,,,,,,,
1,314,1,,100,7,,,,,
2,314,5,,100,,,7,,,
3,314,7,,100,,,,7,,
4,314,8,1.3,100,,,,,10,
5,314,10,1.3,100,,7,,,,
6,314,11,1.3,100,,,,,,10
7,314,13,,100,3,,,,,
8,314,14,1.3,100,,,7,,,
,,,,,,,,,,
1,315,1,,100,,,,,,7
2,315,4,,100,,7,,,,
3,315,7,,100,,,7,,,
4,315,8,1.3,100,,10,,,,
5,315,10,1.3,100,,,,,,10
6,315,11,1.3,100,7,,,,,
7,315,13,,100,3,,,,,
8,315,14,1.3,100,,,,,7,
,,,,,,,,,,
1,316,2,,100,7,,,,,
3,316,5,1.3,100,,,,,,10
4,316,6,1.3,100,,,,,7,
5,316,8,1.3,100,7,,,,,
6,316,9,,100,,,10,4,,
,,,,,,,,,,
1,317,1,,100,7,,,,,
2,317,2,,100,,,,,,10
3,317,5,1.3,100,10,,,,,
4,317,7,1.3,100,,,,,7,
5,317,8,1.3,100,,7,,,,
6,317,9,,100,,,,4,,
,,,,,,,,,,
1,318,1,,100,,,,,,7
2,318,4,1.3,100,,,10,,,
3,318,6,1.3,100,,,,10,,
4,318,7,1.3,100,10,,,,,
5,318,8,1.3,100,,,,,,10
6,318,9,,100,4,,,,,
,,,,,,,,,,
1,319,2,,100,,,,,,7
2,319,5,1.3,100,,,,,,7
3,319,7,1.3,100,,10,,,,
4,319,8,1.3,100,,,,,,7
5,319,9,,100,4,,,7,,
,,,,,,,,,,
1,320,1,,100,7,,,,,
2,320,3,,100,,,7,,,
3,320,5,1.3,100,,,,,,7
4,320,7,1.3,100,,7,,,,
5,320,8,1.3,100,7,,,,,
6,320,9,,100,,4,,,,
,,,,,,,,,,
1,321,1,,100,7,,,,,
2,321,3,,100,,,,,,7
3,321,5,1.3,100,,,,,,7
4,321,7,1.3,100,,,,,7,
5,321,8,1.3,100,,7,,,,
6,321,9,,100,,4,,,,
,,,,,,,,,,
1,322,1,,100,,,,,,7
2,322,4,1.3,100,,,10,,,
3,322,5,1.3,100,7,,,,,
4,322,7,1.3,100,,,,,,10
5,322,8,1.3,100,7,,,,,
6,322,9,,100,,4,,,,
,,,,,,,,,,
1,323,1,,100,,,,,,7
2,323,2,,100,10,,,,,
3,323,5,1.3,100,,,7,,,
4,323,7,1.3,100,,,,,,7
5,323,8,1.3,100,,7,,,,
6,323,9,,100,,4,,,,
,,,,,,,,,,
1,324,2,1.3,100,,,,,10,
2,324,4,,100,1,,7,,,
,,,,,,,,,,
1,325,2,,100,,,1,,7,
2,325,4,1.3,100,,0,,,,
,,,,,,,,,,
1,326,2,1.3,100,10,,,,,
2,326,4,,100,,,1,,7,
,,,,,,,,,,
1,327,2,,100,,7,,,,1
2,327,4,1.3,100,,,,10,,
,,,,,,,,,,
1,328,2,1.3,100,,10,,,,
2,328,4,,100,,,,,1,7
,,,,,,,,,,
1,329,2,,100,,7,,1,,
2,329,4,1.3,100,,,,,,10
,,,,,,,,,,
1,330,2,,100,1,,,,,7
2,330,3,,100,,,,,7,
3,330,4,1.3,100,,7,,,,
4,330,6,,100,,,1,7,,
5,330,7,,100,,,7,,,
6,330,8,1.3,100,,,,7,,
7,330,10,,100,,7,,,1,
8,330,11,,100,7,,,,,
9,330,12,1.3,100,,,,,,7
,,,,,,,,,,
1,331,2,,100,7,,,,,1
2,331,3,,100,,7,,,,
3,331,4,1.3,100,,,,,7,
4,331,6,,100,,,7,1,,
5,331,7,,100,,,,7,,
6,331,8,1.3,100,,,7,,,
7,331,10,,100,,1,,,7,
8,331,11,,100,,,,,,7
9,331,12,1.3,100,7,,,,,
,,,,,,,,,,
1,332,2,,100,1,,,,,10
2,332,4,,100,,1,,,10,
3,332,6,,100,,,1,10,,
4,332,8,,100,,,10,1,,
5,332,10,,100,,10,,,1,
6,332,12,,100,10,,,,,1
,,,,,,,,,,
1,333,2,,100,10,,,,,1
2,333,4,,100,,10,,,1,
3,333,6,,100,,,10,1,,
4,333,8,,100,,,1,10,,
5,333,10,,100,,1,,,10,
6,333,12,,100,1,,,,,10
,,,,,,,,,,
1,334,2,3.5,100,7,7,7,7,7,7
2,334,4,,100,1,1,1,1,1,1
3,334,6,,100,,,,,,
,,,,,,,,,,
1,335,2,,100,1,1,1,1,1,1
2,335,4,3.5,100,7,7,7,7,7,7
3,335,6,,100,,,,,,
,,,,,,,,,,
1,336,2,,100,1,1,1,1,1,1
2,336,3,3.5,100,7,7,7,7,7,7
3,336,4,,100,1,1,1,1,1,1
4,336,6,,100,,,,,,
,,,,,,,,,,
1,337,2,,100,1,,1,,1,
2,337,3,,100,,1,,1,,1
3,337,4,,100,7,7,7,7,7,7
4,337,6,,100,,,,,,
,,,,,,,,,,
1,338,4,,100,1,1,1,1,1,1
2,338,5,,100,10,10,10,10,10,10
3,338,6,,100,,,,,,
,,,,,,,,,,
1,339,2,1.3,100,7,,,,,
2,339,3,1.3,100,,7,,,,
3,339,4,1.3,100,,,7,,,
4,339,5,1.3,100,,,,7,,
5,339,6,1.3,100,,,,,7,
6,339,7,1.3,100,,,,,,7
7,339,8,,100,,,,,,
,,,1.3,,,,,,,
1,340,2,1.3,100,,,,,,7
2,340,3,1.3,100,,,,,7,
3,340,4,1.3,100,,,,7,,
4,340,5,1.3,100,,,7,,,
5,340,6,1.3,100,,7,,,,
6,340,7,1.3,100,7,,,,,
7,340,8,,100,,,,,,
,,,,,,,,,,
1,341,2,1.3,100,7,,7,,,
2,341,4,,100,,7,,,,
3,341,5,,100,,,,,,
,,,,,,,,,,
1,342,2,1.3,100,10,,,10,,
2,342,4,,100,,,,,,7
3,342,5,,100,,,,,,
,,,,,,,,,,
1,343,2,1.3,100,10,,,,10,
2,343,4,,100,,,7,,,
3,343,5,,100,,,,,,
,,,,,,,,,,
1,344,2,1.3,100,10,,,,,0
2,344,4,,100,,,,7,,
3,344,5,,100,,,,,,
,,,,,,,,,,
1,345,2,1.3,100,,10,,,10,
2,345,4,,100,,,,,,7
3,345,5,,100,,,,,,
,,,,,,,,,,
1,346,2,1.3,100,,10,,,10,
2,346,4,,100,,,,,,7
3,346,5,,100,,,,,,
,,,,,,,,,,
1,347,2,1.3,100,,10,,,10,
2,347,4,,100,7,,,,,
3,347,5,,100,,,,,,
,,,,,,,,,,
1,348,2,1.3,100,,10,,,,10
2,348,4,,100,,,,7,,
3,348,5,,100,,,,,,
,,,,,,,,,,
1,349,2,1.3,100,,,10,,10,
2,349,4,,100,7,,,,,
3,349,5,,100,,,,,,
,,,,,,,,,,
1,350,2,1.3,100,,,10,,,10
2,350,4,,100,,,,,7,
3,350,5,,100,,,,,,
,,,,,,,,,,
1,351,2,1.3,100,,,,10,,10
2,351,4,,100,,,7,,,
3,351,5,,100,,,,,,
,,,,,,,,,,
1,352,1,,100,,,,,7,
2,352,2,1.3,100,,10,,,,
3,352,3,,100,,,,,,7
4,352,4,1.3,100,,,,10,,
5,352,5,,100,10,,,,1,
6,352,12,,100,,1,,,,
7,352,13,,100,7,,,,,
8,352,14,1.3,100,,,,,,7
9,352,15,,100,,7,,,,
10,352,16,,100,2,,7,,,
11,352,17,,100,,,,,1,
12,352,18,1.3,100,,,,10,,
,,,,,,,,,,
1,353,1,,100,7,,,,,
2,353,2,1.3,100,,,10,,,
3,353,3,,100,,10,,,,
4,353,4,,100,,,,1,,
5,353,5,1.3,100,,,,,,10
6,353,11,,100,,7,,,,
7,353,12,1.3,100,,,,,,10
9,353,14,,100,7,1,,,,
10,353,15,,100,,,7,,,
11,353,16,1.3,100,2,,,7,,
12,353,17,,100,,,,,7,
13,353,18,,100,,,,,,1
,,,,,,,,,,
1,354,1,,100,,,,,7,
2,354,2,1.3,100,,,,,,10
3,354,3,,100,7,,,,,
4,354,4,1.3,100,,10,,,,
5,354,5,,100,,,7,,,
6,354,6,,100,,,,,,1
7,354,12,1.3,100,,,,,,10
8,354,14,,100,,,,10,,
9,354,15,,100,1,,7,,,
10,354,16,,100,2,,,,7,
11,354,17,,100,,,,1,,
12,354,18,1.3,100,,10,,,,
,,,,,,,,,,
1,355,1,,100,,,,7,,
2,355,2,1.3,100,10,,,,,
3,355,3,,100,,,1,,,10
4,355,5,1.3,100,,,,10,,
5,355,12,,100,,,,,,1
6,355,13,,100,7,,,,,
7,355,14,1.3,100,,,10,,,
8,355,15,,100,1,,,,10,
9,355,16,,100,2,10,,,,
10,355,17,,100,,,,7,,
11,355,18,1.3,100,,10,,,,
,,,,,,,,,,
1,356,1,,100,,7,,,,
2,356,2,,100,,,,,1,
3,356,4,,100,,,,,7,
4,356,6,,100,,7,,,,
5,356,8,,100,,,7,,,
6,356,9,1.3,100,,,,,10,
7,356,10,,100,,,,,,1
8,356,11,,100,7,,,,,
9,356,12,1.3,100,,,10,,,
10,356,13,,100,3,,,1,,
11,356,14,1.3,100,,,,,,10
,,,,,,,,,,
1,357,1,,100,,,,,,7
2,357,2,,100,,1,,,,
3,357,4,,100,,,,,,7
4,357,6,,100,,,7,,,
5,357,8,,100,,,,,,7
6,357,9,1.3,100,,,10,,,
7,357,10,,100,,,,,7,
8,357,11,,100,1,,,,,
9,357,12,,100,,,,7,,
10,357,13,1.3,100,3,,,,,10
11,357,14,,100,,1,,,,
,,,,,,,,,,
1,358,1,,100,,,,,,7
2,358,2,,100,,,1,,,
3,358,4,,100,7,,,,,
4,358,6,,100,,,,,7,
5,358,8,,100,,,,,7,
6,358,9,,100,7,,,,,
7,358,10,1.3,100,,,,10,,
8,358,11,,100,,,,,,1
9,358,12,,100,,7,,,,
10,358,13,1.3,100,3,,,7,,
11,358,14,1.3,100,,,7,,,
,,,,,,,,,,
1,359,1,,100,,,,7,,
2,359,2,,100,,,,,,1
3,359,3,1.3,100,,,,,10,
4,359,5,,100,,,7,,,
5,359,7,,100,,,,7,,
6,359,8,,100,7,,,,,
7,359,9,1.3,100,,,,,,7
8,359,10,1.3,100,,,,10,,
9,359,11,,100,,,,,,7
10,359,12,,100,,7,,,,
11,359,13,,100,3,,1,,,
12,359,14,1.3,100,,,,,7,
,,,,,,,,,,
1,360,1,,100,7,,,,,
2,360,3,,100,10,,,,,
3,360,5,,100,,,1,,,7
4,360,6,1.3,100,,,,,7,
5,360,8,,100,7,,,,,1
6,360,9,,100,,,,4,,
,,,,,,,,,,
1,361,1,,100,7,,,,,
3,361,5,1.3,100,,,,,7,
4,361,6,,100,,,1,,,
5,361,7,,100,,,,,7,
6,361,8,1.3,100,,,,,,7
7,361,9,,100,7,,,4,,
,,,,,,,,,,
1,362,1,,100,,,,,,7
2,362,4,,100,,,7,,,
3,362,5,,100,,,,,,1
4,362,6,,100,,,,7,,
5,362,7,1.3,100,7,,,,,
6,362,8,,100,,1,,,,7
7,362,9,,100,4,,,,,
,,,,,,,,,,
1,363,2,,100,,,,,,7
2,363,5,1.3,100,,,,,,7
3,363,6,,100,,1,,,,
4,363,7,,100,,7,,,,
5,363,8,1.3,100,,,7,,,
6,363,9,d,100,4,,,7,,
,,,,,,,,,,
1,364,1,,100,7,,,,,
2,364,3,,100,,,7,,,
3,364,5,,100,,,,,,1
4,364,6,,100,,,,,7,
5,364,7,1.3,100,,7,,,,
6,364,8,,100,1,,,,,
7,364,9,,100,,4,,,7,
,,,,,,,,,,
1,365,3,,100,,,,,,10
2,365,4,1.3,100,,,,,7,
3,365,6,1.3,100,,,7,,,
4,365,7,,100,7,,,,,
5,365,8,,100,,,,,,1
6,365,9,1.3,100,,4,,7,,
,,,,,,,,,,
1,366,4,1.3,100,,,10,,,
2,366,5,,100,7,,,,,
3,366,6,,100,,1,,,,
4,366,7,,100,,,,,,7
5,366,8,,100,7,,,1,,
6,366,9,1.3,100,,4,,,,10
,,,,,,,,,,
1,367,1,,100,,,,,,7
2,367,3,,100,10,,,,,
3,367,5,,100,,1,,,,
4,367,6,,100,,,,7,,
5,367,7,1.3,100,,,,,,7
6,367,8,1.3,100,,,10,,,
7,367,9,,100,,4,,,,
,,,,,,,,,,
1,368,2,1.3,100,,,10,,,1
2,368,4,1.3,100,,,,10,,
3,368,5,1.3,100,7,,,,,
,,,,,,,,,,
1,369,2,1.3,100,1,,,10,,
2,369,4,1.3,100,,7,,,,
3,369,5,1.3,100,,,,,,10
,,,,,,,,,,
1,370,2,1.3,100,10,,,,1,
2,370,4,1.3,100,,,10,,,
3,370,5,1.3,100,,,,,,7
,,,,,,,,,,
1,371,2,1.3,100,1,,,,,10
2,371,4,1.3,100,,,,7,,
3,371,5,1.3,100,,,10,,,
,,,,,,,,,,
1,372,3,,100,9,,,,,
2,372,6,3,100,7,,,7,,
3,372,7,3,100,,10,,,10,
4,372,8,3,100,,,7,,,7
5,372,9,3,100,10,,,10,,
6,372,10,3,100,,7,,,7,
7,372,11,3,100,,,10,,,10
8,372,12,3,100,7,,,7,,
9,372,13,3,100,,10,,,10,
10,372,14,,100,9,,,,,
11,372,15,3,100,10,,,10,,
12,372,16,3,100,,7,,,7,
13,372,17,3,100,,,10,,,10
14,372,18,3,100,7,,,7,,
15,372,19,3,100,,10,,,10,
16,372,20,3,100,,,7,,,7
17,372,21,3,100,10,,,10,,
18,372,22,,100,9,,,,,
19,372,23,3,100,,,10,,,10
20,372,24,3,100,7,,,7,,
21,372,25,3,100,,10,,,10,
22,372,26,3,100,,,7,,,7
23,372,27,3,100,10,,,10,,
24,372,28,3,100,,7,,,7,
25,372,29,3,100,,,10,,,10
26,372,30,,100,9,,,,,
,,,,,,,,,,
1,373,6,,100,8,8,8,8,8,8
2,373,11,,100,9,,,,,
,,,,,,,,,,
1,374,2,,100,9,,,,,
2,374,3,3,100,7,,,7,,
3,374,4,3,100,,10,,,10,
4,374,5,3,100,,,7,,,7
5,374,6,3,100,10,,,10,,
6,374,7,3,100,,7,,,7,
7,374,8,3,100,,,10,,,10
8,374,9,,100,9,,,,,
9,374,10,3,100,7,,,7,,
10,374,11,3,100,,10,,,10,
11,374,12,3,100,,,7,,,7
12,374,13,3,100,10,,,10,,
13,374,14,3,100,,7,,,7,
14,374,15,3,100,,,10,,,10
15,374,16,,100,9,,,,,
16,374,17,3,100,7,,,7,,
17,374,18,3,100,,10,,,10,
18,374,19,3,100,,,7,,,7
19,374,20,3,100,10,,,10,,
20,374,21,3,100,,7,,,7,
21,374,22,3,100,,,10,,,10
22,374,23,,100,9,,,,,
23,374,24,3,100,7,,,7,,
24,374,25,3,100,,10,,,10,
25,374,26,3,100,,,7,,,7
26,374,27,3,100,10,,,10,,
27,374,28,3,100,,7,,,7,
28,374,29,3,100,,,10,,,10
29,374,30,,100,9,,,,,
30,374,31,3,100,7,,,7,,
31,374,32,3,100,,10,,,10,
32,374,33,3,100,,,7,,,7
33,374,34,3,100,10,,,10,,
34,374,35,3,100,,7,,,7,
35,374,36,3,100,,,10,,,10